CategoryCode,Venue,Date,CompetitionId,CompetitionName,ClassCode,EventId,RaceId,Setting,Weather,Temperature,WindSpeed,TrackSurfacePrimary,TrackSurfaceSecondary,ClimbingDifficulty,BanksUp,Chutes,OffCambers,Steps,Runs,RunUps,Barriers,ShortClimbs,LongClimbs,SandPits,Whoops,LapCount
Women Under 23,"Adelaide, South Australia",05 Aug 2017,41034,Australian National Championships,CN,147550,117420,,,,,,,,,,,,,,,,,,,
Women Elite,"Fields of Joy CX, Essendon Fields, Victoria",26 Aug 2017,41056,2017 Cyclo-Cross National Series Round 5,C2,74371,65633,,,,,,,,,,,,,,,,,,,
Women Elite,"Fields of Joy CX, Essendon Fields, Victoria",27 Aug 2017,41057,2017 Cyclo-Cross National Series Round 6,C2,74323,65844,,,,,,,,,,,,,,,,,,,
Women Elite,"Changxindian Fengtai, Beijing",03 Sep 2017,41028,Qiansen trophy Fengtai Changxindian,C1,74303,65874,,,,,,,,,,,,,,,,,,,
Women Elite,"Yanqing, Beijing",06 Sep 2017,41000,"""Qiansen trophy"" Yanqing",C1,74293,65717,,,,,,,,,,,,,,,,,,,
Women Elite,"Rochester, NY",09 Sep 2017,40981,Rochester Cyclocross,C1,74220,65627,,,,,,,,,,,,,,,,,,,
Women Elite,Eeklo,10 Sep 2017,40909,Cross Eeklo,C2,74129,65721,,,,,,,,,,,,,,,,,,,
Women Elite,"Rochester, NY",10 Sep 2017,40980,Rochester Cyclocross,C2,74031,65843,,,,,,,,,,,,,,,,,,,
Women Elite,"Iowa City, Iowa",15 Sep 2017,40947,Jingle Cross 1,C1,74333,66102,,,,,,,,,,,,,,,,,,,
Women Elite,"Iowa City, Iowa",16 Sep 2017,40948,Jingle Cross 2,C2,74000,65658,,,,,,,,,,,,,,,,,,,
Women Elite,Jingle Cross Iowa City,17 Sep 2017,40949,"2017-2018 Telenet UCI Cyclo-cross World Cup, Jingle Cross Iowa City",CDM,74282,66131,,,,,,,,,,,,,,,,,,,
Women Elite,Baden,17 Sep 2017,40992,EKZ CrossTour,C1,74075,65910,,,,,,,,,,,,,,,,,,,
Women Elite,"Las Vegas, NV",20 Sep 2017,40955,Clif Bar Cross Vegas,C1,74226,65659,,,,,,,,,,,,,,,,,,,
Women Elite,Waterloo Wisconsin,22 Sep 2017,40968,Trek CXC Cup,C2,74170,65812,,,,,,,,,,,,,,,,,,,
Women Elite,Waterloo,24 Sep 2017,40927,"2017-2018 Telenet UCI Cyclo-cross World Cup, Waterloo",CDM,74388,65836,,,,,,,,,,,,,,,,,,,
Women Elite,Illnau,24 Sep 2017,40996,Radcross Illnau,C2,73839,65912,,,,,,,,,,,,,,,,,,,
Women Elite,Slaný,28 Sep 2017,40961,Toi Toi Cup,C1,73914,65877,,,,,,,,,,,,,,,,,,,
Women Elite,"Thompson, Connecticut",29 Sep 2017,50476,KMC Cross Fest,C1,147647,117453,,,,,,,,,,,,,,,,,,,
Women Elite,Neerpelt,30 Sep 2017,40920,GP Neerpelt,C2,73877,65975,,,,,,,,,,,,,,,,,,,
Women Elite,"West Sacramento, California, USA",30 Sep 2017,41062,West Sacramento Cyclocross Grand Prix - WSCXGP,C2,74067,65747,,,,,,,,,,,,,,,,,,,
Women Elite,Poprad,30 Sep 2017,50557,"Slovenský pohár v cyklokrose, GP Poprad",C2,147669,117537,,,,,,,,,,,,,,,,,,,
Women Elite,Gieten,01 Oct 2017,40871,Telenet Superprestige Gieten,C1,73924,65913,,,,,,,,,,,,,,,,,,,
Women Elite,"West Sacramento, California",01 Oct 2017,41063,West Sacramento Cyclocross Grand Prix - WSCXGP,C2,74188,66040,,,,,,,,,,,,,,,,,,,
Women Elite,Bern,01 Oct 2017,41072,EKZ CrossTour,C2,74344,66202,,,,,,,,,,,,,,,,,,,
Women Elite,"Thompson, Connecticut",01 Oct 2017,50477,KMC Cross Fest,C2,147649,117456,,,,,,,,,,,,,,,,,,,
Women Elite,Jabkenice,07 Oct 2017,40962,Toi Toi Cup,C2,74177,66080,,,,,,,,,,,,,,,,,,,
Women Elite,"Baltimore, MD",07 Oct 2017,40975,Charm City Cross,C1,148821,118149,,,,,,,,,,,,,,,,,,,
Women Elite,Meulebeke,07 Oct 2017,41036,Berencross,C2,74244,65856,,,,,,,,,,,,,,,,,,,
Women Elite,Lutterbach,08 Oct 2017,40870,Cyclo-Cross International de la Solidarité de Lutterbach,C2,73916,65615,,,,,,,,,,,,,,,,,,,
Women Elite,Derby,08 Oct 2017,40894,National Trophy Series - Derby,C2,74096,65802,,,,,,,,,,,,,,,,,,,
Women Elite,"Baltimore, MD",08 Oct 2017,40976,Charm City Cross,C2,148822,118151,,,,,,,,,,,,,,,,,,,
Women Elite,Ronse - Kluisbergen,08 Oct 2017,40991,DVV verzekeringen trofee - Hotondcross,C1,74312,65884,,,,,,,,,,,,,,,,,,,
Women Elite,Helsingør,08 Oct 2017,41010,Kronborg Park Cross,C2,74225,65628,,,,,,,,,,,,,,,,,,,
Women Elite,Rakova,08 Oct 2017,50556,"Slovenský pohár v cyklokrose, GP Rakova",C2,147666,117534,,,,,,,,,,,,,,,,,,,
Women Elite,"Nakauchi, Toride-city, Ibaraki",09 Oct 2017,41064,Ibaraki Cyclo-cross Toride round,C2,74334,66103,,,,,,,,,,,,,,,,,,,
Women Elite,"Gloucester, MA",14 Oct 2017,40916,CRAFT Sportswear Gran Prix of Gloucester,C2,148754,118081,,,,,,,,,,,,,,,,,,,
Women Elite,"Boulder, CO",14 Oct 2017,40945,US Open of Cyclocross Day 1,C2,148757,118085,,,,,,,,,,,,,,,,,,,
Women Elite,Hlinsko,14 Oct 2017,40963,Toi Toi Cup,C2,74270,66137,,,,,,,,,,,,,,,,,,,
Women Elite,Kruibeke,14 Oct 2017,41038,Polderscross,C2,74158,65976,,,,,,,,,,,,,,,,,,,
Women Elite,Rapla,14 Oct 2017,41039,Estonian National Championships,CN,74108,66029,,,,,,,,,,,,,,,,,,,
Women Elite,"Gloucester, MA",15 Oct 2017,40915,CRAFT Sportswear Gran Prix of Gloucester,C2,148755,118083,,,,,,,,,,,,,,,,,,,
Women Elite,"Boulder, CO",15 Oct 2017,40946,US Open of Cyclocross Day 2,C2,148758,118087,,,,,,,,,,,,,,,,,,,
Women Elite,Zonhoven,15 Oct 2017,40950,Telenet Superprestige Zonhoven,C1,74136,65887,,,,,,,,,,,,,,,,,,,
Women Elite,Besançon,15 Oct 2017,41029,1ère manche de la Coupe de France,C1,74385,65804,,,,,,,,,,,,,,,,,,,
Women Elite,Aigle,15 Oct 2017,41035,EKZ CrossTour,C1,73888,66178,,,,,,,,,,,,,,,,,,,
Women Elite,Ardooie,19 Oct 2017,40902,Kermiscross,C2,74095,65789,,,,,,,,,,,,,,,,,,,
Women Elite,Podbrezová,21 Oct 2017,40973,Cyclocross International Podbrezová,C2,74014,65952,,,,,,,,,,,,,,,,,,,
Women Elite,"Washington, DC",21 Oct 2017,41019,DCCX,C2,159210,120388,,,,,,,,,,,,,,,,,,,
Women Elite,Boom,21 Oct 2017,41027,Telenet Superprestige Niels Albert CX,C2,74126,65724,,,,,,,,,,,,,,,,,,,
Women Elite,"Midland, Ontario",21 Oct 2017,41058,The Silver Goose,C2,74046,66014,,,,,,,,,,,,,,,,,,,
Women Elite,Koksijde,22 Oct 2017,40922,"2017-2018 Telenet UCI Cyclo-cross World Cup, Koksijde",CDM,73919,65861,,,,,,,,,,,,,,,,,,,
Women Elite,Ternitz,22 Oct 2017,40997,Tage des Querfeldeinsports (Day of Cyclocross),C2,74019,65848,,,,,,,,,,,,,,,,,,,
Women Elite,Stockholm,22 Oct 2017,41015,Stockholm cyclocross,C2,73902,65761,,,,,,,,,,,,,,,,,,,
Women Elite,"Washington, DC",22 Oct 2017,41020,DCCX,C2,159209,120390,,,,,,,,,,,,,,,,,,,
Women Elite,Balan,22 Oct 2017,41050,Cyclo-cross de Balan Ardennes,C2,74118,66158,,,,,,,,,,,,,,,,,,,
Women Elite,"Midland, Ontario",22 Oct 2017,41059,The Silver Goose,C2,74204,65718,,,,,,,,,,,,,,,,,,,
Women Elite,Woerden,24 Oct 2017,40954,Kiremko Nacht van Woerden,C2,74124,65749,,,,,,,,,,,,,,,,,,,
Women Under 23,"Sherbrooke, QC",28 Oct 2017,40889,Canadian National Championships,CN,159251,120402,,,,,,,,,,,,,,,,,,,
Women Elite,Holé Vrchy,28 Oct 2017,40958,Toi Toi Cup,C2,74131,65881,,,,,,,,,,,,,,,,,,,
Women Elite,s-Hertogenbosch,28 Oct 2017,40994,De Grote Prijs van Brabant,C1,74085,65662,,,,,,,,,,,,,,,,,,,
Women Elite,Laudio-Llodio,28 Oct 2017,41041,Ziklokross Laudio,C1,73985,65899,,,,,,,,,,,,,,,,,,,
Women Elite,"Covington, Kentucky, USA",28 Oct 2017,41071,Cincinnati Cyclocross @ Devou Park,C1,73891,65967,,,,,,,,,,,,,,,,,,,
Women Elite,Dolná Krupa,28 Oct 2017,50555,"Slovenský pohár v cyklokrose, GP Dolná Krupa",C2,147663,117531,,,,,,,,,,,,,,,,,,,
Women Elite,"Jamesburg, NJ",28 Oct 2017,50559,HPCX 1,C2,147706,117574,,,,,,,,,,,,,,,,,,,
Women Elite,Oostkamp - Ruddervoorde,29 Oct 2017,40878,Telenet Superprestige Ruddervoorde,C1,74008,65977,,,,,,,,,,,,,,,,,,,
Women Elite,Contern,29 Oct 2017,40907,Grand-Prix de la Commune de Contern,C2,74071,65915,,,,,,,,,,,,,,,,,,,
Women Elite,"Cincinnati, Ohio, United States",29 Oct 2017,40967,Harbin Park International,C2,73938,65960,,,,,,,,,,,,,,,,,,,
Women Elite,Hittnau,29 Oct 2017,40972,EKZ CrossTour,C1,74364,65670,,,,,,,,,,,,,,,,,,,
Women Elite,"Sagae-shi,Yamagata Prefecture",29 Oct 2017,41018,TOHOKU CX Project SAGAE Round,C2,74378,65944,,,,,,,,,,,,,,,,,,,
Women Elite,Abergavenny,29 Oct 2017,41040,National Trophy Series: Abergavenny,C1,74348,66161,,,,,,,,,,,,,,,,,,,
Women Elite,Trnava,29 Oct 2017,50554,"Slovensky pohar v cyklokrose, GP Trnava",C2,147660,117528,,,,,,,,,,,,,,,,,,,
Women Elite,"Jamesburg, NJ",29 Oct 2017,50560,HPCX 2,C2,147705,117576,,,,,,,,,,,,,,,,,,,
Women Elite,Nokia,29 Oct 2017,51720,Finnish National Championships,CN,159033,120284,,,,,,,,,,,,,,,,,,,
Women Elite,Melden - Oudenaarde,01 Nov 2017,40917,DVV verzekeringen trofee - Koppenbergcross,C1,74114,66142,,,,,,,,,,,,,,,,,,,
Women Elite,Milano,01 Nov 2017,40979,Gran Premio Mamma E Papa Guerciotti AM,C2,74173,65834,,,,,,,,,,,,,,,,,,,
Women Elite,Hibino Mihama-ku Chiba-city Chiba pref.,03 Nov 2017,41065,Starlight-cross,C2,73998,65664,,,,,,,,,,,,,,,,,,,
Women Elite,"Louisville, Kentucky",04 Nov 2017,40966,Derby City Cup,C2,73920,65925,,,,,,,,,,,,,,,,,,,
Women Elite,Karrantza,05 Nov 2017,40984,Cyclo-cross de Karrantza,C2,74404,66031,,,,,,,,,,,,,,,,,,,
Women Elite,Louisville,05 Nov 2017,41011,Pan-american Continental Championships,CC,74016,65959,,,,,,,,,,,,,,,,,,,
Women Elite,Tábor,05 Nov 2017,41024,UEC Cyclo-Cross European Championships,CC,74178,66083,,,,,,,,,,,,,,,,,,,
Women Elite,Niel,11 Nov 2017,40872,Jaarmarktcross,C2,74002,65643,,,,,,,,,,,,,,,,,,,
Women Elite,"Northampton, MA",11 Nov 2017,40913,The Northampton International,C2,73856,66050,,,,,,,,,,,,,,,,,,,
Women Elite,Uničov,11 Nov 2017,40960,Toi Toi Cup,C1,74374,65971,,,,,,,,,,,,,,,,,,,
,,,51558,Icelandic Cyclo-cross Championships,CN,74374,,,,,,,,,,,,,,,,,,,,
Women Elite,Gavere,12 Nov 2017,40874,Telenet Superprestige Gavere,C1,74047,66023,,,,,,,,,,,,,,,,,,,
Women Elite,Shrewsbury,12 Nov 2017,40895,National Trophy Series: Shrewsbury,C2,74376,65984,,,,,,,,,,,,,,,,,,,
Women Under 23,Arendal,12 Nov 2017,40898,Norwegian National Championships,CN,159601,120514,,,,,,,,,,,,,,,,,,,
Women Elite,"Northampton, MA",12 Nov 2017,40914,The Northampton International,C2,74028,65826,,,,,,,,,,,,,,,,,,,
Women Elite,Madiswil,12 Nov 2017,40993,Flückiger Cross Madiswil,C1,73847,65923,,,,,,,,,,,,,,,,,,,
Women Elite,Elorrio,12 Nov 2017,41004,Elorrioko Ziklokrosa Basqueland,C1,74317,65626,,,,,,,,,,,,,,,,,,,
Women Elite,La Meziere,12 Nov 2017,41012,2ème manche de la Coupe de France,C1,74304,65900,,,,,,,,,,,,,,,,,,,
Women Elite,"Tulsa, OK",12 Nov 2017,50479,Cyntergy Hurtland,C2,147653,117460,,,,,,,,,,,,,,,,,,,
Women Elite,Kosice,12 Nov 2017,50558,"Slovenský pohár v cyklokrose, GP Kosice",C2,147672,117540,,,,,,,,,,,,,,,,,,,
Women Elite,Moreno Valley,18 Nov 2017,40987,CXLA Weekend: Cyclocross Los Angeles,C2,74200,65764,,,,,,,,,,,,,,,,,,,
Women Elite,"Indianapolis, IN",18 Nov 2017,41048,Major Taylor 'Cross Cup Day 1,C2,74171,65827,,,,,,,,,,,,,,,,,,,
Women Elite,"Suffern , NY",18 Nov 2017,41068,Supercross Day 1,C2,74162,65956,,,,,,,,,,,,,,,,,,,
Women Elite,Bogense,19 Nov 2017,40928,"2017-2018 Telenet UCI Cyclo-cross World Cup, Bogense",CDM,74343,66059,,,,,,,,,,,,,,,,,,,
Women Elite,Pferdezentrum Stadl-Paura,19 Nov 2017,40974,Int. Radquerfeldein GP Lambach/Stadl-Paura,C2,74227,65637,,,,,,,,,,,,,,,,,,,
Women Elite,Moreno Valley,19 Nov 2017,40988,CXLA Weekend: Cyclocross Los Angeles,C2,73890,65957,,,,,,,,,,,,,,,,,,,
Women Elite,Takashima City Shiga Prefecture,19 Nov 2017,41009,KANSAI Cyclo Cross Makino Round,C2,74098,65813,,,,,,,,,,,,,,,,,,,
Women Elite,"Indianapolis, IN",19 Nov 2017,41045,Major Taylor 'Cross Cup Day 2,C2,73968,66053,,,,,,,,,,,,,,,,,,,
Women Elite,"Suffern , NY",19 Nov 2017,41069,Supercross Day 2,C2,74335,66117,,,,,,,,,,,,,,,,,,,
Women Elite,Zeven,25 Nov 2017,40929,"2017-2018 Telenet UCI Cyclo-cross World Cup, Zeven",CDM,73875,65961,,,,,,,,,,,,,,,,,,,
Women Elite,"Minamimaki Village, Nagano",25 Nov 2017,41016,Rapha Supercross Nobeyama -Day 1,C2,74149,65665,,,,,,,,,,,,,,,,,,,
Women Elite,Hamme,26 Nov 2017,40903,DVV verzekeringen trofee - Flandriencross,C1,73974,66144,,,,,,,,,,,,,,,,,,,
Women Elite,"Minamimaki Village, Nagano",26 Nov 2017,41017,Rapha Supercross Nobeyama -Day 2,C2,74246,65814,,,,,,,,,,,,,,,,,,,
Women Elite,Brugherio,26 Nov 2017,41023,International Cyclocross Selle SMP -9° Trof.Cop.ed.Brugherio82,C2,74084,65631,,,,,,,,,,,,,,,,,,,
Women Elite,"Cyclopark, Gravesend",26 Nov 2017,41061,National Trophy Series: Cyclopark,C2,74119,66162,,,,,,,,,,,,,,,,,,,
Women Elite,Hasselt,02 Dec 2017,40932,GP Hasselt,C1,74218,65891,,,,,,,,,,,,,,,,,,,
Women Elite,Milovice,02 Dec 2017,40959,Toi Toi Cup,C2,74208,65719,,,,,,,,,,,,,,,,,,,
Women Elite,"Warwick, RI",02 Dec 2017,40964,NBX GP of Cross 1,C2,74209,65929,,,,,,,,,,,,,,,,,,,
Women Elite,"Broken Arrow, OK",02 Dec 2017,41021,Ruts 'n' Guts Day 1,C1,74133,65930,,,,,,,,,,,,,,,,,,,
Women Elite,Nyon,02 Dec 2017,41046,Cyclo-cross international de Nyon,C2,74189,66047,,,,,,,,,,,,,,,,,,,
Women Elite,Sion,03 Dec 2017,40956,Cyclocross International Sion-Valais,C2,74370,65614,,,,,,,,,,,,,,,,,,,
Women Elite,Warwick,03 Dec 2017,40965,NBX GP of Cross 2,C2,74144,65676,,,,,,,,,,,,,,,,,,,
Women Elite,Mol,03 Dec 2017,41014,Zilvermeercross,C2,73897,65892,,,,,,,,,,,,,,,,,,,
Women Elite,"Broken Arrow, OK",03 Dec 2017,41022,Ruts 'n' Guts Day 2,C2,74387,65829,,,,,,,,,,,,,,,,,,,
Women Elite,Jablines,03 Dec 2017,41047,3ème manche de la Coupe de France,C1,73907,65744,,,,,,,,,,,,,,,,,,,
Women Elite,"Utsunomiya city,Tochigi Prefecture",03 Dec 2017,41066,Utsunomiya cyclo cross series,C2,73904,65755,,,,,,,,,,,,,,,,,,,
Women Elite,Banovce nad Bebravou,03 Dec 2017,50553,Slovakia National Championships,CN,147675,117543,,,,,,,,,,,,,,,,,,,
Women Elite,Manlleu,06 Dec 2017,41044,Trofeo Joan Soler Copa Espana,C2,74359,65867,,,,,,,,,,,,,,,,,,,
Women Elite,Fae' Di Oderzo - Treviso,08 Dec 2017,40953,Ciclocross del Ponte,C2,74350,65756,,,,,,,,,,,,,,,,,,,
Women Elite,Les Franqueses del Valles,08 Dec 2017,41030,Gran Premi Les Franqueses del Valles,C2,74048,66034,,,,,,,,,,,,,,,,,,,
Women Elite,Ametzaga de Zuia,08 Dec 2017,41043,XIII Trofeo San Andres,C2,74332,66098,,,,,,,,,,,,,,,,,,,
,,,40885,Czech National Championships - MJ,CN,159037,,,,,,,,,,,,,,,,,,,,
Women Elite,Essen,09 Dec 2017,40910,DVV verzekeringen trofee - IKO cyclocross - Essen,C1,74159,65979,,,,,,,,,,,,,,,,,,,
Women Elite,"Hendersonville, NC",09 Dec 2017,40918,North Carolina Grand Prix - Race 1,C2,74212,65931,,,,,,,,,,,,,,,,,,,
Women Elite,Kolín,09 Dec 2017,40957,Toi Toi Cup,C1,73892,66140,,,,,,,,,,,,,,,,,,,
Women Elite,"Minamimaki Villge, Nagano",10 Dec 2017,41026,Japan National Championships,CN,73988,65917,,,,,,,,,,,,,,,,,,,
Women Elite,Gorizia,09 Dec 2017,41051,13° Trofeo di Gorizia,C2,73996,65629,,,,,,,,,,,,,,,,,,,
Women Elite,"Garland (Dallas), TX",09 Dec 2017,51721,Resolution 'Cross Cup,C2,159036,120287,,,,,,,,,,,,,,,,,,,
Women Elite,Overijse,10 Dec 2017,40875,Vlaamse Druivencross,C1,74195,66145,,,,,,,,,,,,,,,,,,,
Women Elite,"Hendersonville, NC",10 Dec 2017,40919,North Carolina Grand Prix - Race 2,C2,74281,66185,,,,,,,,,,,,,,,,,,,
Women Elite,Igorre,10 Dec 2017,40921,Ziklo kross Igorre,C2,74213,65904,,,,,,,,,,,,,,,,,,,
Women Elite,Bradford,10 Dec 2017,41001,National Trophy Series - Bradford,C2,74152,65652,,,,,,,,,,,,,,,,,,,
Women Elite,Eschenbach,10 Dec 2017,41005,EKZ CrossTour,C1,73946,65823,,,,,,,,,,,,,,,,,,,
Women Elite,"Garland (Dallas), TX",10 Dec 2017,51722,Resolution 'Cross Cup,C2,159037,120289,,,,,,,,,,,,,,,,,,,
Women Elite,Antwerpen,16 Dec 2017,40951,DVV verzekeringen trofee - Scheldecross,C1,74107,66026,,,,,,,,,,,,,,,,,,,
Women Elite,Valencia,17 Dec 2017,40900,Cyclo-Cross Internacional Ciudad de Valencia,C2,74418,66165,,,,,,,,,,,,,,,,,,,
Women Elite,Namur,17 Dec 2017,40923,"2017-2018 Telenet UCI Cyclo-cross World Cup, Namur",CDM,74257,66123,,,,,,,,,,,,,,,,,,,
Women Elite,Sibiu,17 Dec 2017,52593,Romania National Championships,CN,163379,124919,,,,,,,,,,,,,,,,,,,
Women Elite,Sint-Niklaas,23 Dec 2017,40908,Waaslandcross,C2,74271,66148,,,,,,,,,,,,,,,,,,,
Women Elite,Dagmersellen,26 Dec 2017,40880,Internationales Radquer Dagmersellen,C2,73937,65954,,,,,,,,,,,,,,,,,,,
Women Elite,Heusden-Zolder,26 Dec 2017,40924,"2017-2018 Telenet UCI Cyclo-cross World Cup, Heusden-Zolder",CDM,74130,65864,,,,,,,,,,,,,,,,,,,
Women Elite,Loenhout,28 Dec 2017,40905,DVV verzekeringen trofee - Azencross,C1,74302,65893,,,,,,,,,,,,,,,,,,,
Women Elite,Bredene,29 Dec 2017,40904,Cyclocross Bredene,C2,74316,65645,,,,,,,,,,,,,,,,,,,
Women Elite,Diegem,30 Dec 2017,40877,Telenet Superprestige Diegem,C1,74078,65646,,,,,,,,,,,,,,,,,,,
Women Elite,Flamanville,30 Dec 2017,40943,4ème manche de la Coupe de France,C1,74406,66036,,,,,,,,,,,,,,,,,,,
Women Elite,Baal,01 Jan 2018,40892,DVV verzekeringen trofee - GP Sven Nys,C1,74354,65733,,,,,,,,,,,,,,,,,,,
Women Elite,Pétange,01 Jan 2018,40931,Grand Prix G.I.L. Immobilière,C2,74138,65918,,,,,,,,,,,,,,,,,,,
Women Elite,Meilen,02 Jan 2018,41006,EKZ CrossTour,C1,74199,65762,,,,,,,,,,,,,,,,,,,
Women Under 23,Roma,06 Jan 2018,40888,Italian National Championships,CN,74172,65831,,,,,,,,,,,,,,,,,,,
Women Elite,St. Pölten,06 Jan 2018,41372,Austrian National Championships,CN,80444,77332,,,,,,,,,,,,,,,,,,,
Women Elite,Abadino,06 Jan 2018,50436,Abadinoko Udala Saria Ziklokrosa,C2,147302,117231,,,,,,,,,,,,,,,,,,,
Women Elite,Leuven,07 Jan 2018,40879,GP Leuven,C1,73942,65799,,,,,,,,,,,,,,,,,,,
Women Elite,Ipswich,07 Jan 2018,40995,National Trophy Series - Ipswich,C2,74210,65906,,,,,,,,,,,,,,,,,,,
Women Elite,Bensheim,13 Jan 2018,40882,German National Championships,CN,74097,65810,,,,,,,,,,,,,,,,,,,
Women Under 23,Legazpi (Gipukoa),13 Jan 2018,40883,Spanish National Championships,CN,74251,65781,,,,,,,,,,,,,,,,,,,
Women Elite,Koksijde,14 Jan 2018,40884,Belgian National Championships,CN,163507,124990,,,,,,,,,,,,,,,,,,,
Women Under 23,Surhuisterveen,14 Jan 2018,40886,Dutch National Championships,CN,164195,125225,,,,,,,,,,,,,,,,,,,
Women Elite,Holbaek,13 Jan 2018,40890,Danish National Championships,CN,74181,66074,,,,,,,,,,,,,,,,,,,
Women Elite,Kayl,13 Jan 2018,40891,Luxembourg National Championships,CN,74233,65951,,,,,,,,,,,,,,,,,,,
Women Under 23,"Hetton Lyons Country Park, Houghton-Le-Spring",13 Jan 2018,40911,British National Championships,CN,147315,117244,,,,,,,,,,,,,,,,,,,
Women Elite,Kozieglowy,13 Jan 2018,40970,Polish National Championships,CN,74135,65868,,,,,,,,,,,,,,,,,,,
Women Elite,Steinmaur,13 Jan 2018,41003,Swiss National Championships,CN,74211,65924,,,,,,,,,,,,,,,,,,,
Women Under 23,Quelneuc,13 Jan 2018,41052,French National Championships,CN,163511,124994,,,,,,,,,,,,,,,,,,,
Women Elite,Mlada Boleslav,13 Jan 2018,41060,"Czech National Championships - ME, WE",CN,74375,65974,,,,,,,,,,,,,,,,,,,
Women Elite,Göteborg,13 Jan 2018,52489,Swedish National Championships,CN,162587,124094,,,,,,,,,,,,,,,,,,,
Women Under 23,"Reno, NV",14 Jan 2018,40887,USA National Championships,CN,163505,124988,,,,,,,,,,,,,,,,,,,
Women Elite,Leinster,14 Jan 2018,40893,Irish National Championships,CN,74236,66011,,,,,,,,,,,,,,,,,,,
Women Elite,Pula,14 Jan 2018,40896,Croatian National Championships,CN,74300,65617,,,,,,,,,,,,,,,,,,,
Women Elite,,14 Jan 2018,40897,Hungarian National Championships,CN,73926,65624,,,,,,,,,,,,,,,,,,,
Women Elite,Melgaço,14 Jan 2018,40999,Portugese National Championships,CN,73871,66175,,,,,,,,,,,,,,,,,,,
Women Elite,Otegem,15 Jan 2018,40989,Cyclocross Otegem,C2,74010,65981,,,,,,,,,,,,,,,,,,,
Women Elite,Zonnebeke,20 Jan 2018,40873,Kasteelcross Zonnebeke,C2,74036,66093,,,,,,,,,,,,,,,,,,,
Women Elite,Leudelange,21 Jan 2018,40906,Grand Prix Möbel Alvisse,C2,74083,65669,,,,,,,,,,,,,,,,,,,
Women Elite,Nommay,21 Jan 2018,40926,"2017-2018 Telenet UCI Cyclo-cross World Cup, Nommay Pays de Montbeliard",CDM,74264,66208,,,,,,,,,,,,,,,,,,,
Women Elite,Vittorio Veneto TV,21 Jan 2018,41049,Gran Premio Città di Vittorio Veneto,C2,74279,66177,,,,,,,,,,,,,,,,,,,
Women Elite,Valongo,21 Jan 2018,41067,Ciclocrosse Internacional de Valongo,C2,74299,65920,,,,,,,,,,,,,,,,,,,
Women Elite,Rucphen,27 Jan 2018,40990,Internationale Cyclocross Rucphen,C2,73955,66108,,,,,,,,,,,,,,,,,,,
Women Elite,Hoogerheide,28 Jan 2018,40925,"2017-2018 Telenet UCI Cyclo-cross World Cup, Hoogerheide Provincie Noord-Brabant",CDM,74139,65865,,,,,,,,,,,,,,,,,,,
Women Under 23,Valkenburg Province Limburg,03 Feb 2018,40930,"UCI Cyclo-cross World Championships, Valkenburg",CM,148744,118072,,,,,,,,,,,,,,,,,,,
Women Elite,Maldegem,07 Feb 2018,40971,Parkcross Maldegem,C2,74059,66152,,,,,,,,,,,,,,,,,,,
Women Elite,Lille,10 Feb 2018,40899,DVV verzekeringen trofee - Krawatencross,C1,74197,66154,,,,,,,,,,,,,,,,,,,
Women Elite,Hoogstraten,11 Feb 2018,40876,Telenet Superprestige Hoogstraten,C1,73826,65801,,,,,,,,,,,,,,,,,,,
Women Elite,Middelkerke,17 Feb 2018,40912,Telenet Superprestige Noordzeecross Middelkerke,C1,73984,65738,,,,,,,,,,,,,,,,,,,
Women Elite,Hulst,18 Feb 2018,41037,Vestingcross Hulst,C2,73827,65821,,,,,,,,,,,,,,,,,,,
Women Elite,Oostmalle,25 Feb 2018,40869,Internationale Sluitingsprijs Oostmalle,C1,73923,65898,,,,,,,,,,,,,,,,,,,
Women Elite,Santiago de Chile,05 Aug 2018,52938,Chilean National Championships,CN,165663,127126,,,,,,,,,,,,,,,,,,,
Women Elite,"Sam Miranda, King Valley Victoria",11 Aug 2018,52934,Australian National Championships,CN,165661,127124,,,,,,,,,,,,,,,,,,,
Women Elite,"Fields of Joy CX, Essendon Fields, Victoria",25 Aug 2018,52962,2018 Cyclo-Cross National Series (Round #8),C2,165665,127128,,,,,,,,,,,,,,,,,,,
Women Elite,"Fields of Joy CX, Essendon Fields, Victoria",26 Aug 2018,52963,2018 Cyclo-Cross National Series (Round #9),C2,165667,127130,,,,,,,,,,,,,,,,,,,
Women Elite,"Roanoke, VA, USA",01 Sep 2018,53012,Deschutes Brewery's GO Cross,C2,167541,127543,,,,,,,,,,,,,,,,,,,
Women Elite,"Roanoke, VA, USA",02 Sep 2018,53013,Deschutes Brewery's GO Cross,C2,167543,127545,,,,,,,,,,,,,,,,,,,
Women Elite,Aohan County,02 Sep 2018,53261,Qiansen trophy Aohan Station,C1,169383,129197,,,,,,,,,,,,,,,,,,,
Women Elite,"Rochester, NY",08 Sep 2018,53326,Rochester Cyclocross,C1,169837,129556,,,,,,,,,,,,,,,,,,,
Women Elite,"Rochester, NY",09 Sep 2018,53327,Rochester Cyclocross,C2,169839,129558,,,,,,,,,,,,,,,,,,,
Women Elite,"Breinigsville , PA",15 Sep 2018,52875,Nittany Lion Cross,C2,167537,127539,,,,,,,,,,,,,,,,,,,
Women Elite,Geraardsbergen / Eeklo,16 Sep 2018,52797,Geraardsbergen,C2,165670,127133,,,,,,,,,,,,,,,,,,,
Women Elite,"Breinigsville , PA",16 Sep 2018,52876,Nittany Lion Cross,C2,167539,127541,,,,,,,,,,,,,,,,,,,
Women Elite,Baden,16 Sep 2018,52894,EKZ CrossTour,C1,165975,127438,,,,,,,,,,,,,,,,,,,
Women Elite,"Reno, NV",19 Sep 2018,52836,RenoCross,C1,167549,127485,,,,,,,,,,,,,,,,,,,
Women Elite,Waterloo Wisconsin,21 Sep 2018,52857,Trek Cup,C2,167545,127547,,,,,,,,,,,,,,,,,,,
Women Elite,Waterloo,23 Sep 2018,52812,"2018-2019 Telenet UCI Cyclo-cross World Cup, Waterloo",CDM,167473,125648,,,,,,,,,,,,,,,,,,,
Women Elite,Illnau,23 Sep 2018,52897,Radcross Illnau,C2,165977,127440,,,,,,,,,,,,,,,,,,,
Women Elite,"Iowa City, Iowa",28 Sep 2018,52826,Jingle Cross,C2,167547,127549,,,,,,,,,,,,,,,,,,,
Women Elite,Unicov,28 Sep 2018,52840,Toi Toi Cup,C1,165795,127258,,,,,,,,,,,,,,,,,,,
Women Elite,Jingle Cross Iowa City,29 Sep 2018,52827,"2018-2019 Telenet UCI Cyclo-cross World Cup, Iowa City",CDM,167475,125650,,,,,,,,,,,,,,,,,,,
Women Elite,Poprad,29 Sep 2018,52981,Grand Prix Poprad,C1,165980,127443,,,,,,,,,,,,,,,,,,,
Women Elite,"Iowa City, Iowa",30 Sep 2018,52825,Jingle Cross,C1,167551,127487,,,,,,,,,,,,,,,,,,,
Women Elite,"Thompson,CT",30 Sep 2018,54632,KMC CrossFest,C2,173814,132996,,,,,,,,,,,,,,,,,,,
Women Elite,Lutterbach-Pfastatt,06 Oct 2018,52764,Cyclo-cross International de la Solidarité,C2,167570,127559,,,,,,,,,,,,,,,,,,,
Women Elite,Hlinsko,06 Oct 2018,52841,Toi Toi Cup,C2,165798,127261,,,,,,,,,,,,,,,,,,,
Women Elite,Meulebeke,06 Oct 2018,52936,Berencross,C2,165673,127136,,,,,,,,,,,,,,,,,,,
Women Elite,"West Sacramento, California",06 Oct 2018,52964,West Sacramento Cyclocross Grand Prix - WSCXGP,C2,167496,127498,,,,,,,,,,,,,,,,,,,
Women Elite,"Baltimore, MD",06 Oct 2018,53029,Charm City Cross,C1,167599,127588,,,,,,,,,,,,,,,,,,,
Women Elite,Derby,07 Oct 2018,52783,National Trophy Series Round 1: Derby,C2,165885,127348,,,,,,,,,,,,,,,,,,,
Women Elite,Ronse - Kluisbergen,07 Oct 2018,52888,Hotondcross,C1,165677,127140,,,,,,,,,,,,,,,,,,,
Women Elite,Aigle,07 Oct 2018,52935,EKZ CrossTour,C1,165982,127445,,,,,,,,,,,,,,,,,,,
Women Elite,"West Sacramento, California",07 Oct 2018,52965,West Sacramento Cyclocross Grand Prix - WSCXGP,C2,167498,127500,,,,,,,,,,,,,,,,,,,
Women Elite,Rakova,07 Oct 2018,53001,Grand Prix Rakova,C2,165985,127448,,,,,,,,,,,,,,,,,,,
Women Elite,"Baltimore, MD",07 Oct 2018,53030,Charm City Cross,C2,167601,127590,,,,,,,,,,,,,,,,,,,
Women Elite,Helsingør,07 Oct 2018,53114,Kronborg Park Cross,C2,168295,128120,,,,,,,,,,,,,,,,,,,
Women Elite,Belfast,07 Oct 2018,53188,Bioracer International Cyclo-cross,C2,168977,128795,,,,,,,,,,,,,,,,,,,
Women Elite,"Nakauchi, Toride-city, Ibaraki",08 Oct 2018,52966,Ibaraki Cyclocross Toride Stage supported by TREK,C2,165919,127382,,,,,,,,,,,,,,,,,,,
Women Elite,"Boulder, CO",13 Oct 2018,52823,US Open of Cyclocross Day 1,C2,167501,127503,,,,,,,,,,,,,,,,,,,
Women Elite,Jicin,13 Oct 2018,52844,Toi Toi Cup,C2,165822,127285,,,,,,,,,,,,,,,,,,,
Women Elite,"Gloucester, MA USA",13 Oct 2018,53112,CRAFT Sportsware Gran Prix of Gloucester,C2,168290,128115,,,,,,,,,,,,,,,,,,,
Women Elite,Lokeren,13 Oct 2018,54501,Lokeren,C2,172392,131833,,,,,,,,,,,,,,,,,,,
Women Elite,Saue,13 Oct 2018,56519,Estonian National Championships,CN,175900,135483,,,,,,,,,,,,,,,,,,,
Women Elite,Gieten,14 Oct 2018,52765,Telenet Superprestige Cyclocross Gieten,C1,165923,127386,,,,,,,,,,,,,,,,,,,
Women Elite,"Boulder, CO",14 Oct 2018,52824,US Open of Cyclocross Day 2,C2,167504,127506,,,,,,,,,,,,,,,,,,,
Women Elite,Razès - Lac de Saint Pardoux,14 Oct 2018,52991,1ère Coupe de France Cyclo-cross,C2,165838,127301,,,,,,,,,,,,,,,,,,,
Women Elite,"Gloucester, MA USA",14 Oct 2018,53111,CRAFT Sportsware Gran Prix of Gloucester,C2,168292,128117,,,,,,,,,,,,,,,,,,,
Women Elite,Marin-Pontevedra,14 Oct 2018,54628,Ciclocross International Xaxancx,C2,173724,132942,,,,,,,,,,,,,,,,,,,
Women Elite,Ardooie,18 Oct 2018,52788,Kermiscross,C2,165683,127146,,,,,,,,,,,,,,,,,,,
Women Elite,Podbrezová,20 Oct 2018,52864,Grand Prix Podbrezová,C2,165988,127451,,,,,,,,,,,,,,,,,,,
Women Elite,"Washington, DC",20 Oct 2018,52923,DCCX,C2,167506,127508,,,,,,,,,,,,,,,,,,,
Women Elite,Boom,20 Oct 2018,52931,Telenet Superprestige De Schorre Boom,C2,165687,127150,,,,,,,,,,,,,,,,,,,
Women Elite,Sherbrooke,20 Oct 2018,52986,Sherbrooke CX,C2,165801,127264,,,,,,,,,,,,,,,,,,,
Women Elite,Ternitz,21 Oct 2018,52898,Tage des Querfeldeinsports (Day of Cyclocross),C2,165689,127152,,,,,,,,,,,,,,,,,,,
Women Elite,Stockholm,21 Oct 2018,52919,Stockholm cyclocross,C2,165991,127454,,,,,,,,,,,,,,,,,,,
Women Elite,"Washington, DC",21 Oct 2018,52924,DCCX,C2,167508,127510,,,,,,,,,,,,,,,,,,,
Women Elite,Bern,21 Oct 2018,52978,"2018-2019 Telenet UCI Cyclo-cross World Cup, Bern",CDM,167477,125652,,,,,,,,,,,,,,,,,,,
Women Elite,Sherbrooke,21 Oct 2018,52987,Sherbrooke CX,C2,165804,127267,,,,,,,,,,,,,,,,,,,
Women Elite,Cles (TN),21 Oct 2018,54627,Trofeo Nuovi Investimenti,C2,173721,132939,,,,,,,,,,,,,,,,,,,
Women Elite,Woerden,23 Oct 2018,52835,Kiremko Nacht van Woerden,C2,165925,127388,,,,,,,,,,,,,,,,,,,
Women Elite,Neerpelt,27 Oct 2018,52809,GP Neerpelt,C2,165692,127155,,,,,,,,,,,,,,,,,,,
Women Elite,Slany,27 Oct 2018,52842,Toi Toi Cup,C1,165807,127270,,,,,,,,,,,,,,,,,,,
Women Elite,Laudio-Llodio,27 Oct 2018,52939,Ziklokross Laudio,C1,165840,127303,,,,,,,,,,,,,,,,,,,
Women Elite,"Kings Mills, Ohio",27 Oct 2018,52974,Cincinnati UCI Cyclocross,C1,167554,127490,,,,,,,,,,,,,,,,,,,
Women Elite,"Jamesburg, NJ",27 Oct 2018,54468,HPCX 1,C2,172162,131612,,,,,,,,,,,,,,,,,,,
Women Elite,Reykjavik,27 Oct 2018,54673,Icelandic Cyclo-cross Championships,CN,174523,133569,,,,,,,,,,,,,,,,,,,
Women Elite,Oostkamp - Ruddervoorde,28 Oct 2018,52772,Telenet Superprestige Ruddervoorde,C1,165696,127159,,,,,,,,,,,,,,,,,,,
Women Elite,Steinmaur,28 Oct 2018,52774,Internationales Radquer Steinmaur,C2,165999,127462,,,,,,,,,,,,,,,,,,,
Women Elite,Contern,28 Oct 2018,52795,Grand-Prix de la Commune de Contern,C2,165930,127393,,,,,,,,,,,,,,,,,,,
Women Elite,Elorrio,28 Oct 2018,52902,Elorrioko Basqueland Ziklokrosa,C1,165844,127307,,,,,,,,,,,,,,,,,,,
Women Elite,"Sagae-shi,Yamagata Prefecture",28 Oct 2018,52922,Sagae Round Tohoku CX Series,C2,165927,127390,,,,,,,,,,,,,,,,,,,
Women Elite,Irvine,28 Oct 2018,52994,National Trophy Series Round 2: Irvine,C2,165887,127350,,,,,,,,,,,,,,,,,,,
Women Elite,München,28 Oct 2018,52995,Munich Super Cross,C2,165889,127352,,,,,,,,,,,,,,,,,,,
Women Elite,Trnava,28 Oct 2018,53003,Grand Prix Trnava,C2,165997,127460,,,,,,,,,,,,,,,,,,,
Women Elite,"Kings Mills, Ohio",28 Oct 2018,53009,Cincinnati UCI Cyclocross,C2,167511,127513,,,,,,,,,,,,,,,,,,,
Women Elite,Jablines,28 Oct 2018,53233,Cyclo-cross de Jablines,C2,169365,129179,,,,,,,,,,,,,,,,,,,
Women Elite,"Jamesburg, NJ",28 Oct 2018,54469,HPCX 2,C2,172164,131614,,,,,,,,,,,,,,,,,,,
Women Elite,Melden - Oudenaarde,01 Nov 2018,52805,DVV verzekeringen trofee - Koppenbergcross,C1,165700,127163,,,,,,,,,,,,,,,,,,,
Women Elite,Manlleu,03 Nov 2018,52944,Ciclocross Manlleu,C2,165848,127311,,,,,,,,,,,,,,,,,,,
Women Elite,Midland,03 Nov 2018,52970,Silver Goose Cyclocross Festival,C2,165809,127272,,,,,,,,,,,,,,,,,,,
Women Under 23,"Midland, ON",04 Nov 2018,52988,Pan-American Cyclo-cross Championships (master + elite),CC,185940,138276,,,,,,,,,,,,,,,,,,,
Women Under 23,Rosmalen,03 Nov 2018,52999,UEC Cyclo-cross European Championships,CC,174535,133581,,,,,,,,,,,,,,,,,,,
Women Elite,"Falmouth, Massachusetts, USA",03 Nov 2018,53010,Really Rad Festival of Cyclocross Day 1,C2,167513,127515,,,,,,,,,,,,,,,,,,,
Women Elite,Vic,04 Nov 2018,52992,Gran Premi Internacional ciutat de Vic,C2,165851,127314,,,,,,,,,,,,,,,,,,,
Women Elite,"Falmouth, Massachusetts, USA",04 Nov 2018,53011,Really Rad Festival of Cyclocross Day 2,C2,167515,127517,,,,,,,,,,,,,,,,,,,
Women Elite,Niel,10 Nov 2018,52766,DVV verzekeringen trofee - Jaarmarktcross,C1,165704,127167,,,,,,,,,,,,,,,,,,,
Women Elite,"Peterborough, Ontario",10 Nov 2018,52779,Canadian National Championships,CN,165834,127297,,,,,,,,,,,,,,,,,,,
Women Elite,"Northampton, MA",10 Nov 2018,52801,The Northampton International,C2,167517,127519,,,,,,,,,,,,,,,,,,,
Women Elite,Kolin,10 Nov 2018,52843,Toi Toi Cup,C1,165816,127279,,,,,,,,,,,,,,,,,,,
Women Elite,Hibino Mihama-ku Chiba-city Chiba pref.,10 Nov 2018,52967,Starlight-cross,C2,165936,127399,,,,,,,,,,,,,,,,,,,
Women Elite,Gavere,11 Nov 2018,52768,Telenet Superprestige Gavere,C1,165708,127171,,,,,,,,,,,,,,,,,,,
Women Elite,"Northampton, MA",11 Nov 2018,52802,The Northampton International,C2,167519,127521,,,,,,,,,,,,,,,,,,,
Women Elite,Karrantza,11 Nov 2018,52877,XXVI Cyclo-cross de Karrantza,C2,165854,127317,,,,,,,,,,,,,,,,,,,
Women Elite,Madiswil,11 Nov 2018,52895,Flückiger Cross Madiswil,C2,167574,127563,,,,,,,,,,,,,,,,,,,
Women Elite,Pierric,11 Nov 2018,52927,2ème Coupe de France Cyclo-cross,C2,165858,127321,,,,,,,,,,,,,,,,,,,
Women Elite,Peterborough,11 Nov 2018,52989,PTBOCX - Lift Lock Cross,C2,165819,127282,,,,,,,,,,,,,,,,,,,
Women Elite,"Ardingly, near Crawley",11 Nov 2018,52996,National Trophy Series Round 3: Crawley,C2,165895,127358,,,,,,,,,,,,,,,,,,,
Women Elite,Kosice,11 Nov 2018,53004,Grand Prix Kosice,C2,166002,127465,,,,,,,,,,,,,,,,,,,
Women Elite,Tabor,17 Nov 2018,52817,"2018-2019 Telenet UCI Cyclo-cross World Cup, Tabor",CDM,167479,125654,,,,,,,,,,,,,,,,,,,
Women Elite,"Minamimaki Village, Nagano",17 Nov 2018,52920,Rapha Supercross Nobeyama -Day 1,C2,165938,127401,,,,,,,,,,,,,,,,,,,
Women Elite,"Indy Cycloplex (Indianapolis, IND)",17 Nov 2018,52942,Major Taylor Cross Cup,C2,167522,127524,,,,,,,,,,,,,,,,,,,
Women Elite,"Suffern , NY",17 Nov 2018,52972,Supercross Day 1,C2,167524,127526,,,,,,,,,,,,,,,,,,,
Women Elite,Hamme,18 Nov 2018,52789,DVV verzekeringen trofee - Flandriencross,C1,167568,127557,,,,,,,,,,,,,,,,,,,
Women Elite,Hittnau,18 Nov 2018,52859,EKZ CrossTour,C1,167576,127565,,,,,,,,,,,,,,,,,,,
Women Elite,"Minamimaki Village, Nagano",18 Nov 2018,52921,Rapha Supercross Nobeyama -Day 2,C1,165940,127403,,,,,,,,,,,,,,,,,,,
Women Elite,Les Franqueses,18 Nov 2018,52932,Gran Premi Les Franqueses,C2,165861,127324,,,,,,,,,,,,,,,,,,,
Women Elite,"Indy Cycloplex (Indianapolis, IND)",18 Nov 2018,52945,Major Taylor Cross Cup,C2,167527,127529,,,,,,,,,,,,,,,,,,,
Women Elite,"Suffern , NY",18 Nov 2018,52973,Supercross Day 2,C2,167529,127531,,,,,,,,,,,,,,,,,,,
Women Elite,Bergen,18 Nov 2018,56521,Norwegian National Championships,CN,175916,135499,,,,,,,,,,,,,,,,,,,
Women Elite,Wachtebeke (Provinciaal Domein Puyenbroeck),24 Nov 2018,52982,Ambiancecross,C2,165711,127174,,,,,,,,,,,,,,,,,,,
Women Elite,Topolcianky,24 Nov 2018,53005,Grand Prix Topolcianky,C2,166005,127468,,,,,,,,,,,,,,,,,,,
Women Elite,Koksijde,25 Nov 2018,52813,"2018-2019 Telenet UCI Cyclo-cross World Cup, Koksijde",CDM,167481,125656,,,,,,,,,,,,,,,,,,,
Women Elite,Takashima City Shiga Prefecture,25 Nov 2018,52905,KANSAI Cyclo Cross Makino Round,C2,165943,127406,,,,,,,,,,,,,,,,,,,
Women Elite,Brugherio,25 Nov 2018,52928,International Cyclocross Selle SMP -10° Trof.Cop.ed.Brugherio82,C2,165900,127363,,,,,,,,,,,,,,,,,,,
Women Elite,York,25 Nov 2018,52997,National Trophy Series Round 4: York,C2,165897,127360,,,,,,,,,,,,,,,,,,,
Women Elite,Hasselt,01 Dec 2018,52819,GP Hasselt,C2,165714,127177,,,,,,,,,,,,,,,,,,,
Women Elite,Abadiano,01 Dec 2018,52979,Abadiñoko udala saria,C2,165879,127342,,,,,,,,,,,,,,,,,,,
Women Elite,Garland (Dallas) Texas,01 Dec 2018,53032,Resolution 'Cross Cup,C2,167603,127592,,,,,,,,,,,,,,,,,,,
Women Elite,warwick,01 Dec 2018,54502,NBX GP of Cross 1,C1,172395,131836,,,,,,,,,,,,,,,,,,,
Women Elite,Mol,02 Dec 2018,52918,Lampiris Zilvermeercross,C2,165718,127181,,,,,,,,,,,,,,,,,,,
Women Elite,Ametzaga-Zuia,02 Dec 2018,52943,Trofeo San Andrés,C2,165864,127327,,,,,,,,,,,,,,,,,,,
Women Elite,Bensheim,02 Dec 2018,52998,Radcross Grandprix,C2,165910,127373,,,,,,,,,,,,,,,,,,,
Women Elite,Banska Bystrica,02 Dec 2018,53006,Slovak national championships,CN,166008,127471,,,,,,,,,,,,,,,,,,,
Women Elite,Garland (Dallas) Texas,02 Dec 2018,53031,Resolution 'Cross Cup,C2,167605,127594,,,,,,,,,,,,,,,,,,,
Women Elite,warwick,02 Dec 2018,54503,NBX GP of Cross 2,C2,172397,131838,,,,,,,,,,,,,,,,,,,
Women Elite,Essen,08 Dec 2018,52798,IKO cyclocross - Essen,C1,165722,127185,,,,,,,,,,,,,,,,,,,
Women Elite,"Hendersonville, NC",08 Dec 2018,52807,North Carolina Grand Prix - Race 1,C2,167531,127533,,,,,,,,,,,,,,,,,,,
Women Elite,Fae' Di Oderzo - Treviso,08 Dec 2018,52834,Ciclocross del Ponte,C2,165903,127366,,,,,,,,,,,,,,,,,,,
Women Elite,Jabkenice,08 Dec 2018,52845,Toi Toi Cup,C2,165825,127288,,,,,,,,,,,,,,,,,,,
Women Elite,"Broken Arrow, klahoma",08 Dec 2018,52925,Ruts 'n' Guts 1,C1,167556,127492,,,,,,,,,,,,,,,,,,,
Women Elite,Troyes,08 Dec 2018,53234,Troyes Cyclocross International,C2,169362,129176,,,,,,,,,,,,,,,,,,,
Women Elite,Overijse,09 Dec 2018,52769,Vlaamse Druivencross,C1,165726,127189,,,,,,,,,,,,,,,,,,,
Women Elite,Ipswich,09 Dec 2018,52896,National Trophy Series Round 5: Ipswich,C2,165905,127368,,,,,,,,,,,,,,,,,,,
Women Elite,Eschenbach,09 Dec 2018,52904,EKZ CrossTour,C1,166013,127476,,,,,,,,,,,,,,,,,,,
Women Elite,"Broken Arrow,Oklahoma",09 Dec 2018,52926,Ruts 'n' Guts 2,C2,167533,127535,,,,,,,,,,,,,,,,,,,
Women Elite,"Takashima City, Shiga Prefecture",09 Dec 2018,52930,Japanese National Championships,CN,165947,127410,,,,,,,,,,,,,,,,,,,
Women Elite,Gorizia,09 Dec 2018,53117,13° Trofeo di Gorizia,C2,168304,128129,,,,,,,,,,,,,,,,,,,
Women Elite,Antwerpen,15 Dec 2018,52832,DVV verzekeringen trofee - Scheldecross,C1,165730,127193,,,,,,,,,,,,,,,,,,,
Women Elite,Mlada Boleslav,15 Dec 2018,52846,Toi Toi Cup,C1,165828,127291,,,,,,,,,,,,,,,,,,,
Women Elite,"Utsunomiya city, Tochigi prefecture",15 Dec 2018,52968,Utsunomiya Cyclo Cross Day1,C2,165949,127412,,,,,,,,,,,,,,,,,,,
,,,52990,Czech National Cyclo-Cross Championships - MJ,CN,165949,,,,,,,,,,,,,,,,,,,,
Women Elite,Xativa,15 Dec 2018,53115,Ciclo-cross Ciudad de Xativa,C2,171496,131052,,,,,,,,,,,,,,,,,,,
Women Elite,Zonhoven,16 Dec 2018,52828,Telenet Superprestige Zonhoven,C1,165734,127197,,,,,,,,,,,,,,,,,,,
Women Elite,Vittorio Veneto TV,16 Dec 2018,52952,Gran Premio Città di Vittorio Veneto,C2,165917,127380,,,,,,,,,,,,,,,,,,,
Women Elite,"Utsunomiya city, Tochigi prefecture",16 Dec 2018,52969,Utsunomiya Cyclo Cross Day2,C2,165951,127414,,,,,,,,,,,,,,,,,,,
Women Elite,"Louisville, KY, USA",16 Dec 2018,53008,USA National Championships,CN,167560,127496,,,,,,,,,,,,,,,,,,,
Women Elite,Pferdezentrum Stadl-Paura,16 Dec 2018,53116,Int. Radquerfeldein GP Lambach/Stadl-Paura,C2,168302,128127,,,,,,,,,,,,,,,,,,,
Women Elite,Sint-Niklaas,22 Dec 2018,52796,Waaslandcross,C2,165737,127200,,,,,,,,,,,,,,,,,,,
Women Elite,Sibiu,22 Dec 2018,52804,Romania National Championships,CN,166020,127483,,,,,,,,,,,,,,,,,,,
Women Elite,Namur,23 Dec 2018,52814,"2018-2019 Telenet UCI Cyclo-cross World Cup, Namur",CDM,167483,125658,,,,,,,,,,,,,,,,,,,
Women Elite,Heusden-Zolder,26 Dec 2018,52815,"2018-2019 Telenet UCI Cyclo-cross World Cup, Heusden-Zolder",CDM,167485,125660,,,,,,,,,,,,,,,,,,,
Women Elite,Pfaffnau,26 Dec 2018,52940,Cross-Race / Pfaffnau GP Luzern,C2,166015,127478,,,,,,,,,,,,,,,,,,,
Women Elite,Loenhout,28 Dec 2018,52791,DVV verzekeringen trofee - Azencross,C1,165741,127204,,,,,,,,,,,,,,,,,,,
Women Elite,Bredene,29 Dec 2018,52790,Cyclocross Bredene,C2,165744,127207,,,,,,,,,,,,,,,,,,,
Women Elite,Diegem,30 Dec 2018,52771,Telenet Superprestige Diegem,C1,165748,127211,,,,,,,,,,,,,,,,,,,
Women Elite,Flamanville,30 Dec 2018,52820,3ème Coupe de France Cyclo-cross,C2,165876,127339,,,,,,,,,,,,,,,,,,,
Women Elite,Baal,01 Jan 2019,52781,DVV verzekeringen trofee - GP Sven Nys,C1,165752,127215,,,,,,,,,,,,,,,,,,,
Women Elite,Pétange,01 Jan 2019,52818,Grand Prix Garage Collé,C2,165954,127417,,,,,,,,,,,,,,,,,,,
Women Elite,Meilen,02 Jan 2019,52903,EKZ CrossTour,C1,166017,127480,,,,,,,,,,,,,,,,,,,
Women Elite,Gullegem,05 Jan 2019,52983,Cyclocross Gullegem,C2,165756,127219,,,,,,,,,,,,,,,,,,,
Women Elite,Shrewsbury,06 Jan 2019,52784,National Trophy Series Round 6: Shrewsbury,C2,165907,127370,,,,,,,,,,,,,,,,,,,
Women Elite,La Meziere,06 Jan 2019,52915,Cyclo-cross La Meziere,C1,165883,127346,,,,,,,,,,,,,,,,,,,
Women Elite,Brussels,06 Jan 2019,54672,DVV verzekeringen trofee - Brussels Universities Cyclocross,C2,174277,133343,,,,,,,,,,,,,,,,,,,
Women Elite,Pontevedra,11 Jan 2019,53035,Spanish National Championships,CN,167620,127609,,,,,,,,,,,,,,,,,,,
Women Elite,Kleinmachnow,12 Jan 2019,52775,German National Championships,CN,165914,127377,,,,,,,,,,,,,,,,,,,
Women Elite,Kruibeke,12 Jan 2019,52776,Belgian National Championships,CN,165763,127226,,,,,,,,,,,,,,,,,,,
Women Elite,Huijbergen,12 Jan 2019,52777,Dutch National Championships,CN,165962,127425,,,,,,,,,,,,,,,,,,,
Women Elite,MILANO - IDROSCALO,12 Jan 2019,52778,Italian National Championships,CN,169779,129512,,,,,,,,,,,,,,,,,,,
Women Elite,Brouch,12 Jan 2019,52780,Luxembourg National Championships,CN,165958,127421,,,,,,,,,,,,,,,,,,,
Women Elite,"Cyclopark, Gravesend",12 Jan 2019,52799,British National Championships,CN,176124,135707,,,,,,,,,,,,,,,,,,,
Women Elite,Hole Vrchy,12 Jan 2019,52971,"Czech National Championships - ME, WE",CN,165830,127293,,,,,,,,,,,,,,,,,,,
Women Under 23,Marrazes - Leiria,12 Jan 2019,53113,Portugese National Championships,CN,168300,128125,,,,,,,,,,,,,,,,,,,
Women Under 23,Besançon,12 Jan 2019,54443,French National Championships,CN,171904,131372,,,,,,,,,,,,,,,,,,,
Women Elite,Wien,12 Jan 2019,54661,Austrian National Championships,CN,174145,133238,,,,,,,,,,,,,,,,,,,
Women Elite,Munster,12 Jan 2019,54675,Irish National Championships,CN,174295,133354,,,,,,,,,,,,,,,,,,,
Women Elite,Strzelce Krajenskie,12 Jan 2019,54689,Polish National Championships,CN,174527,133573,,,,,,,,,,,,,,,,,,,
Women Elite,Varberg,13 Jan 2019,56518,Swedish National Championships,CN,175905,135488,,,,,,,,,,,,,,,,,,,
Women Elite,Odense,13 Jan 2019,54674,Danish National Championships,CN,174290,133349,,,,,,,,,,,,,,,,,,,
Women Elite,Sion,13 Jan 2019,54677,Swiss National Championships,CN,174370,133429,,,,,,,,,,,,,,,,,,,
Women Elite,Lieto,13 Jan 2019,56522,Finnish National Championships,CN,175912,135495,,,,,,,,,,,,,,,,,,,
Women Elite,Pula,13 Jan 2019,56523,Croatian national championships,CN,176262,135868,,,,,,,,,,,,,,,,,,,
Women Elite,Miskolc,13 Jan 2019,56524,Hungarian national championships,CN,176265,135871,,,,,,,,,,,,,,,,,,,
Women Elite,Otegem,14 Jan 2019,52886,Cyclocross Otegem,C2,165765,127228,,,,,,,,,,,,,,,,,,,
Women Elite,Leudelange,20 Jan 2019,52794,Grand Prix Möbel Alvisse,C2,165965,127428,,,,,,,,,,,,,,,,,,,
Women Elite,Pont-Château,20 Jan 2019,52821,"2018-2019 Telenet UCI Cyclo-cross World Cup, Pont-Château",CDM,167487,125662,,,,,,,,,,,,,,,,,,,
Women Elite,Zao,20 Jan 2019,53000,ZAO-sama Cup Tohoku CX Series,C2,167572,127561,,,,,,,,,,,,,,,,,,,
Women Elite,Zonnebeke,26 Jan 2019,52767,Kasteelcross Zonnebeke,C2,165768,127231,,,,,,,,,,,,,,,,,,,
Women Elite,Rucphen,26 Jan 2019,52887,Internationale Cyclocross Rucphen,C2,165969,127432,,,,,,,,,,,,,,,,,,,
Women Elite,Hoogerheide,27 Jan 2019,52816,"2018-2019 Telenet UCI Cyclo-cross World Cup, Hoogerheide Provincie Noord-Brabant",CDM,167489,125664,,,,,,,,,,,,,,,,,,,
Women Under 23,Bogense,02 Feb 2019,52810,UCI Cyclo-cross World Championships,CM,167494,125669,,,,,,,,,,,,,,,,,,,
Women Elite,Maldegem,06 Feb 2019,52858,Parkcross Maldegem,C2,165770,127233,,,,,,,,,,,,,,,,,,,
Women Elite,Lille,09 Feb 2019,52785,DVV verzekeringen trofee - Krawatencross,C1,165774,127237,,,,,,,,,,,,,,,,,,,
Women Elite,Hoogstraten,10 Feb 2019,52770,Telenet Superprestige Hoogstraten,C1,165778,127241,,,,,,,,,,,,,,,,,,,
Women Elite,Middelkerke,16 Feb 2019,52800,Telenet Superprestige Noordzeecross Middelkerke,C1,165782,127245,,,,,,,,,,,,,,,,,,,
Women Elite,Hulst,17 Feb 2019,52937,Vestingcross Hulst,C2,165973,127436,,,,,,,,,,,,,,,,,,,
Women Elite,Leuven,23 Feb 2019,52773,GP Leuven,C1,165759,127222,,,,,,,,,,,,,,,,,,,
Women Elite,Oostmalle,24 Feb 2019,52763,Internationale Sluitingsprijs Oostmalle,C1,165786,127249,,,,,,,,,,,,,,,,,,,
Women Elite,"Sam Miranda, King Valley Victoria",11 Aug 2019,57954,Australian National Championships,CN,190711,141508,,,,,,,,,,,,,,,,,,,
Women Elite,Christchurch,11 Aug 2019,58318,New Zealand National Championships,CN,194184,145366,,,,,,,,,,,,,,,,,,,
Women Elite,"Melbourne, Victoria",17 Aug 2019,57955,Melbourne Grand Prix of Cyclo-Cross,C2,190858,141502,,,,,,,,,,,,,,,,,,,
Women Elite,"Melbourne, Victoria",18 Aug 2019,57956,Melbourne Grand Prix of Cyclo-Cross,C2,190862,141505,,,,,,,,,,,,,,,,,,,
Women Elite,"Roanoke, VA, USA",31 Aug 2019,57941,Virginia's Blue Ridge GO Cross,C2,207655,152551,,,,,,,,,,,,,,,,,,,
Women Elite,"Roanoke, VA, USA",01 Sep 2019,57943,Virginia's Blue Ridge GO Cross,C2,207766,152554,,,,,,,,,,,,,,,,,,,
Women Elite,Aohan County,01 Sep 2019,58290,Qiansen trophy Aohan Station,C1,193937,145112,,,,,,,,,,,,,,,,,,,
Women Elite,"Rochester, NY",07 Sep 2019,58037,Rochester Cyclocross,C1,207961,152557,,,,,,,,,,,,,,,,,,,
Women Elite,Fengfeng Station,07 Sep 2019,58291,Qiansen Trophy Fengfeng Station,C1,193938,145114,,,,,,,,,,,,,,,,,,,
Women Elite,Eeklo,08 Sep 2019,57944,cross Eeklo,C2,207785,152563,parkland,sunny,16,14,dry_grass,tacky_mud,1,5,5,1,0,0,1,1,0,0,1,0,7
Women Elite,"Rochester, NY",08 Sep 2019,58038,Rochester Cyclocross,C2,207716,152560,,,,,,,,,,,,,,,,,,,
Women Elite,"Iowa City, Iowa",13 Sep 2019,57945,Jingle Cross,C2,207837,152565,,,19,26,dry_grass,hardpack,4,0,1,4,0,0,1,2,2,0,1,0,6
Women Elite,Iowa City,14 Sep 2019,57741,"2019-2020 Telenet UCI Cyclo-cross World Cup, Iowa City",CDM,190829,141405,parkland,sunny,23,24,dry_grass,hardpack,4,0,1,4,0,0,1,2,1,1,1,0,6
Women Elite,"Iowa City, Iowa",15 Sep 2019,57946,Jingle Cross,C1,207660,152568,,,,,,,,,,,,,,,1,1,0,0,
Women Elite,Waterloo Wisconsin,20 Sep 2019,57948,Trek Cup,C2,207974,152571,,,,,,,,,,,,,,,,,,,
Women Elite,Waterloo,22 Sep 2019,57740,"2019-2020 Telenet UCI Cyclo-cross World Cup, Waterloo",CDM,190719,141407,parkland,light_rain,21,17,loose_mud,heavy_mud,0,0,3,8,1,4,3,1,0,0,0,0,6
Women Elite,Boulzicourt,22 Sep 2019,57949,Cyclo-cross de Boulzicourt Ardennes,C2,207730,152574,,,,,,,,,,,,,,,,,,,
Women Elite,Derby,22 Sep 2019,57950,National Trophy Series Round 1: Derby,C2,208018,152577,,,,,,,,,,,,,,,,,,,
Women Elite,Illnau,22 Sep 2019,57962,Radcross Illnau,C2,207871,152956,,,,,,,,,,,,,,,,,,,
Women Elite,Mlada Boleslav,28 Sep 2019,57951,Toi Toi Cup,C1,207760,152580,,,,,,,,,,,,,,,,,,,
Women Elite,Vittel,28 Sep 2019,58387,Chazal Cup Vittel,C2,202140,149211,,,,,,,,,,,,,,,,,,,
Women Elite,Campeonato Nacional CX,29 Sep 2019,57953,Chilean National Championships,CN,190814,141489,,,,,,,,,,,,,,,,,,,
Women Elite,Poprad,29 Sep 2019,58036,Grand Prix Poprad,C1,190830,142040,,,,,,,,,,,,,,,,,,,
Women Elite,Vittel,29 Sep 2019,58388,Canyon Cross Race,C2,202333,149275,,,,,,,,,,,,,,,,,,,
Women Elite,Meulebeke,05 Oct 2019,57804,Berencross,C2,207635,152586,,,11,14,tacky_mud,,0,4,3,2,1,0,0,1,0,0,1,1,6
Women Elite,Hlinsko,05 Oct 2019,57836,Toi Toi Cup,C2,207831,152682,,,,,,,,,,,,,,,,,,,
Women Elite,Fayetteville Arkansas,05 Oct 2019,57882,FayetteCross,C2,207880,152742,woodland,sunny,26,13,hardpack,dry_grass,4,0,3,0,1,0,0,1,1,1,0,0,6
Women Elite,Pelt,06 Oct 2019,57811,GP Pelt,C2,207957,152606,,,,,,,,,,,,,,,,,,,
Women Elite,Aigle,06 Oct 2019,57849,EKZ CrossTour,C1,207724,152724,,,,,,,,,,,,,,,,,,,
Women Elite,"Milnthorpe, Cumbria",06 Oct 2019,57875,National Trophy Series Round 2: Milnthorpe,C2,207809,152694,,,,,,,,,,,,,,,,,,,
Women Elite,Fayetteville Arkansas,06 Oct 2019,57883,FayetteCross,C2,207949,152751,woodland,medium_rain,19,19,loose_mud,heavy_mud,4,0,3,0,1,2,0,1,1,1,0,0,3
Women Elite,Rakova,06 Oct 2019,58039,Grand Prix Rakova,C2,190722,142043,,,,,,,,,,,,,,,,,,,
Women Elite,Kruibeke,12 Oct 2019,57806,Polderscross,C2,207737,152592,,,,,,,,,,,,,,,,,,,
Women Elite,Holé Vrchy,12 Oct 2019,57837,Toi Toi Cup,C2,207697,152685,,,,,,,,,,,,,,,,,,,
Women Elite,Suure-Jaani,12 Oct 2019,57840,Estonian National Championships,CN,207791,152691,,,,,,,,,,,,,,,,,,,
Women Elite,"Baltimore, MD",12 Oct 2019,57858,Charm City Cross,C2,207986,152757,,,,,,,,,,,,,,,,,,,
Women Elite,"Boulder, CO",12 Oct 2019,58276,US Open of Cyclocross Day 1,C2,207721,152754,,,,,,,,,,,,,,,,,,,
Women Elite,"Baltimore, MD",13 Oct 2019,57859,Charm City Cross,C2,207783,152760,,,,,,,,,,,,,,,,,,,
Women Elite,Steinmaur,13 Oct 2019,57891,Internationales Radquer Steinmaur,C2,207801,152832,,,,,,,,,,,,,,,,,,,
Women Elite,Gieten,13 Oct 2019,57895,Telenet Superprestige Gieten,C1,207900,152838,lakeside,medium_rain,18,15,loose_mud,lake_sand,4,1,3,0,1,2,0,1,4,0,0,0,6
Women Elite,Trnava,13 Oct 2019,58041,Grand Prix Trnava,C2,193913,145088,,,,,,,,,,,,,,,,,,,
Women Elite,La Meziere,13 Oct 2019,58092,1ere manche de Coupe de France Cyclo-cross,C2,190930,142434,,,,,,,,,,,,,,,,,,,
Women Elite,"Boulder, CO",13 Oct 2019,58277,US Open of Cyclocross Day 2,C2,207691,152763,,,,,,,,,,,,,,,,,,,
Women Elite,Ardooie,17 Oct 2019,57808,Kermiscross,C2,207823,152597,,,,,,,,,,,,,,,,,,,
Women Elite,Boom,19 Oct 2019,57809,Telenet Superprestige De Schorre Boom,C2,207909,152600,parkland,overcast,14,15,heavy_mud,tacky_mud,6,1,3,2,0,1,0,1,2,2,1,0,5
Women Elite,"Washington, DC",19 Oct 2019,57861,DCCX,C2,207673,152766,,,,,,,,,,,,,,,,,,,
Women Elite,Täby Park,19 Oct 2019,57889,CX Täby Park,C2,207878,152814,,,,,,,,,,,,,,,,,,,
Women Elite,Bern,20 Oct 2019,57742,"2019-2020 Telenet UCI Cyclo-cross World Cup, Bern",CDM,190880,141409,parkland,cloudy,14,11,tacky_mud,heavy_mud,3,1,1,2,0,3,,3,3,0,0,0,
Women Elite,Ternitz,20 Oct 2019,57810,Tage des Querfeldeinsports (Day of Cyclocross),C2,207803,152603,,,,,,,,,,,,,,,,,,,
Women Elite,Stockholm,20 Oct 2019,57850,Stockholm cyclocross,C2,207787,152727,,,,,,,,,,,,,,,,,,,
Women Elite,"Washington, DC",20 Oct 2019,57864,DCCX,C2,207754,152769,,,,,,,,,,,,,,,,,,,
Women Elite,Cles (TN),20 Oct 2019,58697,Il Melo Cup,C2,208298,153144,,,,,,,,,,,,,,,,,,,
Women Elite,Woerden,22 Oct 2019,57847,Kiremko Nacht van Woerden,C2,207761,152718,,,,,,,,,,,,,,,,,,,
Women Elite,Beringen,26 Oct 2019,57820,Beringen,C2,207708,152633,trail_centre,sunny,19,5,dusty_loose,dry_grass,8,0,4,2,0,0,1,0,1,2,0,0,6
Women Elite,"Mason, Ohio, USA",26 Oct 2019,57865,Cincinnati UCI Cyclocross - Kingswood Park,C1,207731,152772,,,,,,,,,,,,,,,,,,,
Women Elite,Laudio-Llodio,26 Oct 2019,57885,Ziklokross Laudio,C1,207800,152817,,,,,,,,,,,,,,,,,,,
Women Elite,Podbrezová,26 Oct 2019,58040,Grand Prix Podbrezová,C1,190792,142046,,,,,,,,,,,,,,,,,,,
Women Junior,Izhevsk,26 Oct 2019,58572,Russian National Championships,CN,210129,154946,,,,,,,,,,,,,,,,,,,
Women Elite,Gavere,27 Oct 2019,57813,Telenet Superprestige Gavere,C1,207652,152612,woodland,sunny,11,14,tacky_mud,,7,1,3,1,0,1,1,0,1,2,0,0,6
Women Elite,Irvine,27 Oct 2019,57841,National Trophy Series Round 3: Irvine,C2,207738,152697,,,,,,,,,,,,,,,,,,,
Women Elite,"Mason, Ohio USA",27 Oct 2019,57866,Cincinnati UCI Cyclocross - Kingswood Park,C2,207939,152781,,,,,,,,,,,,,,,,,,,
Women Elite,Panevezys,27 Oct 2019,57880,Lithuanian National Championships,CN,207932,152721,,,,,,,,,,,,,,,,,,,
Women Elite,Contern,27 Oct 2019,57886,Grand-Prix de la Commune de Contern,C2,207994,152820,,,,,,,,,,,,,,,,,,,
Women Elite,Elorrio,27 Oct 2019,57887,Elorrioko Basqueland Ziklokrosa,C1,207848,152823,,,,,,,,,,,,,,,,,,,
Women Elite,München,27 Oct 2019,57893,Munich Super Cross,C1,207759,152835,,,,,,,,,,,,,,,,,,,
Women Elite,Topolcianky,27 Oct 2019,58043,Grand Prix Topolcianky,C1,190813,142049,,,,,,,,,,,,,,,,,,,
Women Elite,"Sagae-shi,Yamagata Prefecture",27 Oct 2019,58076,Sagae Round Tohoku CX Series,C2,208000,152844,,,,,,,,,,,,,,,,,,,
Women Elite,"Jamesburg, NJ",27 Oct 2019,58315,HPCX,C2,207796,152778,,,,,,,,,,,,,,,,,,,
Women Elite,Slany,28 Oct 2019,57838,Toi Toi Cup,C1,207817,152688,,,,,,,,,,,,,,,,,,,
Women Elite,Melden - Oudenaarde,01 Nov 2019,57812,DVV Verzekeringen trofee Koppenbergcross,C1,207776,152609,parkland,medium_rain,11,18,loose_mud,cobbles,8,2,2,6,0,1,1,0,2,1,0,3,4
Women Elite,Les Franqueses,01 Nov 2019,57907,Gran Premi Les Franqueses,C2,207850,152871,,,,,,,,,,,,,,,,,,,
Women Elite,Jesolo,01 Nov 2019,58461,GP Citta Di Jesolo,C2,205133,150603,,,,,,,,,,,,,,,,,,,
Women Under 23,"Peterborough, Ontario",02 Nov 2019,57839,Canadian National Championships,CN,219586,156851,,,,,,,,,,,,,,,,,,,
Women Elite,"Falmouth, Massachusetts, USA",02 Nov 2019,57867,Really Rad Festival of Cyclocross Day 1,C2,207805,152784,,,,,,,,,,,,,,,,,,,
Women Elite,Manlleu,02 Nov 2019,57926,Ciclocross Manlleu,C2,207879,152926,,,,,,,,,,,,,,,,,,,
Women Elite,"Falmouth, Massachusetts, USA",03 Nov 2019,57868,Really Rad Festival of Cyclocross Day 2,C2,208034,152787,,,,,,,,,,,,,,,,,,,
Women Elite,Micasasa,03 Nov 2019,57881,November Cross,C2,207979,152730,,,,,,,,,,,,,,,,,,,
Women Elite,"Makuhari, Chiba",03 Nov 2019,57897,Yowamushi-Pedal Makuhari Cross p/b Champion System,C2,207944,152847,,,,,,,,,,,,,,,,,,,
Women Elite,Vic,03 Nov 2019,57908,Gran Premi Internacional Ciutat de Vic,C2,207806,152874,,,,,,,,,,,,,,,,,,,
Women Elite,Oostkamp - Ruddervoorde,03 Nov 2019,57925,Telenet Superprestige Ruddervoorde,C1,208019,152923,parkland,overcast,10,7,loose_mud,thick_mud,0,7,7,4,1,3,1,1,0,0,1,2,5
Women Elite,"Peterborough, Ontario",03 Nov 2019,57927,PTBOCX,C2,207854,152929,,,,,,,,,,,,,,,,,,,
Women Elite,Andrezieux-Boutheon,03 Nov 2019,57977,2eme manche de Coupe de France Cyclo-cross,C2,207873,152829,,,,,,,,,,,,,,,,,,,
Women Under 23,"Midland, Ontario",10 Nov 2019,57913,Pan-American Championships,CC,208016,152893,,,,,,,,,,,,,,,,,,,
Women Elite,"Midland, Ontario",09 Nov 2019,57928,Silver Goose Cyclocross Festival,C2,208024,152932,,,,,,,,,,,,,,,,,,,
Women Elite,"Northampton, MA",09 Nov 2019,57929,The Northampton International,C2,207648,152935,,,,,,,,,,,,,,,,,,,
Women Junior,Silvelle,09 Nov 2019,57957,UEC Cyclo-cross European Championships,CC,205727,151043,,,,,,,,,,,,,,,,,,,
Women Elite,"Ardingly, near Crawley",10 Nov 2019,57843,National Trophy Series Round 4: Crawley,C2,207709,152700,,,,,,,,,,,,,,,,,,,
Women Elite,Karrantza,10 Nov 2019,57909,Cyclo-cross de Karrantza,C2,208014,152877,,,,,,,,,,,,,,,,,,,
Women Elite,"Northampton, MA",10 Nov 2019,57930,The Northampton International,C2,207886,152938,,,,,,,,,,,,,,,,,,,
Women Elite,Niel,11 Nov 2019,57814,Jaarmarktcross,C1,207646,152615,urban,heavy_rain,6,15,loose_mud,tarmac,0,0,3,4,0,1,2,1,0,0,1,0,6
Women Elite,Tabor,16 Nov 2019,57743,"2019-2020 Telenet UCI Cyclo-cross World Cup, Tabor",CDM,190761,141411,,,,,,,,,,,,,,,,,,,
Women Elite,"Suffern , NY",16 Nov 2019,57869,Supercross Day 1,C2,207739,152790,,,,,,,,,,,,,,,,,,,
Women Elite,"Indy Cycloplex (Indianapolis, IND)",16 Nov 2019,57870,Major Taylor Cross Cup,C2,207897,152793,,,,,,,,,,,,,,,,,,,
Women Elite,Hamme,17 Nov 2019,57815,DVV Verzekeringen trofee Flandriencross,C1,208013,152618,woodland,sunny,8,7,tacky_mud,tarmac,1,5,6,2,2,0,1,1,1,0,0,1,5
Women Elite,Hittnau,17 Nov 2019,57851,EKZ CrossTour,C1,207868,152733,,,,,,,,,,,,,,,,,,,
Women Elite,"Indy Cycloplex (Indianapolis, IND)",17 Nov 2019,57871,Major Taylor Cross Cup,C2,207734,152796,,,,,,,,,,,,,,,,,,,
Women Elite,"Suffern , NY",17 Nov 2019,57872,Supercross Day 2,C2,207913,152799,,,,,,,,,,,,,,,,,,,
Women Elite,Saccolongo PD,17 Nov 2019,57876,40th anniversary of the World memorial ciclocross Saccolongo,C2,207630,152703,,,,,,,,,,,,,,,,,,,
Women Elite,Takashima City Shiga Prefecture,17 Nov 2019,57898,KANSAI Cyclo Cross Makino Round,C2,207841,152850,,,,,,,,,,,,,,,,,,,
Women Elite,Spikkestad,17 Nov 2019,58537,Norwegian National Championships,CN,206258,151425,,,,,,,,,,,,,,,,,,,
Women Elite,Wachtebeke (Provinciaal Domein Puyenbroeck),23 Nov 2019,57816,Ambiancecross,C1,207658,152621,,,,,,,,,,,,,,,,,,,
Women Elite,"Minamimaki Village, Nagano",23 Nov 2019,57899,Rapha Supercross Nobeyama,C1,207860,152853,,,,,,,,,,,,,,,,,,,
Women Elite,"Hendersonville, NC",23 Nov 2019,57931,North Carolina Grand Prix - Race 1,C2,207771,152941,,,,,,,,,,,,,,,,,,,
Women Elite,Kosice,23 Nov 2019,58042,Grand Prix Kosice,C2,190841,142052,,,,,,,,,,,,,,,,,,,
Women Elite,Koksijde,24 Nov 2019,57744,"2019-2020 Telenet UCI Cyclo-cross World Cup, Koksijde",CDM,190875,141428,dunes,misty,8,11,builders_sand,tacky_mud,2,2,5,1,0,4,3,0,2,0,6,0,5
Women Elite,Pembrey Country Park,24 Nov 2019,57877,National Trophy Series Round 5: Pembrey,C2,207915,152706,,,,,,,,,,,,,,,,,,,
Women Elite,Gościęcin,24 Nov 2019,57923,Bryksy Cross Gościęcin,C2,207638,152917,,,,,,,,,,,,,,,,,,,
Women Elite,"Hendersonville, NC",24 Nov 2019,57932,North Carolina Grand Prix - Race 2,C2,207676,152944,,,,,,,,,,,,,,,,,,,
Women Elite,Kolin,30 Nov 2019,57888,Toi Toi Cup,C2,207793,152826,,,,,,,,,,,,,,,,,,,
Women Elite,"Broken Arrow, klahoma",30 Nov 2019,57914,Ruts 'n' Guts 1,C2,207696,152897,,,,,,,,,,,,,,,,,,,
Women Elite,Milano,30 Nov 2019,58658,GRAN PREMIO GUERCIOTTI,C2,207364,152366,,,,,,,,,,,,,,,,,,,
Women Elite,Abadiano,30 Nov 2019,58696,Abadiñoko udala saria,C2,208303,153141,,,,,,,,,,,,,,,,,,,
Women Elite,Kortrijk,30 Nov 2019,59129,DVV Verzekeringen trofee Kortrijk,C2,210088,154905,urban,sunny,,,,,2,4,1,3,3,1,1,1,2,0,1,1,5
Women Elite,Mol,01 Dec 2019,57818,Lampiris Zilvermeercross,C1,207981,152627,,,,,,,,,,,,,,,,,,,
Women Elite,Brugherio (MB),01 Dec 2019,57878,International Ciclocross selle SMP-11°Trof.Cop.ed.Brugherio82,C2,208007,152709,,,,,,,,,,,,,,,,,,,
Women Elite,Lanarvily,01 Dec 2019,57924,Cyclo cross du Mingant Lanarvily,C2,207666,152920,,,,,,,,,,,,,,,,,,,
Women Elite,"Broken Arrow,Oklahoma",01 Dec 2019,57933,Ruts 'n' Guts 2,C2,207745,152947,,,,,,,,,,,,,,,,,,,
Women Elite,Madiswil,01 Dec 2019,57934,Flückiger Cross Madiswil,C2,207863,152950,,,,,,,,,,,,,,,,,,,
Women Elite,Trencin,01 Dec 2019,58044,Slovak national championships,CN,190904,142055,,,,,,,,,,,,,,,,,,,
Women Elite,Pontevedra,01 Dec 2019,58695,Gran Premio Ciudad de Pontevedra,C2,208297,153138,,,,,,,,,,,,,,,,,,,
Women Elite,Espoo,01 Dec 2019,59979,Finnish National Championships,CN,220789,157991,,,,,,,,,,,,,,,,,,,
Women Elite,Essen,07 Dec 2019,57819,IKO cyclocross - Essen,C1,207637,152630,parkland,medium_rain,10,17,tacky_mud,thick_mud,0,6,5,0,2,0,0,1,0,0,1,3,10
Women Elite,Garland (Dallas) Texas,07 Dec 2019,57873,Resolution 'Cross Cup,C2,207990,152805,,,,,,,,,,,,,,,,,,,
Women Elite,Jabkenice,07 Dec 2019,57919,Toi Toi Cup,C2,207840,152912,,,,,,,,,,,,,,,,,,,
Women Elite,Ametzaga-Zuia,07 Dec 2019,58045,Trofeo San Andres,C2,207762,152880,,,,,,,,,,,,,,,,,,,
Women Elite,warwick,07 Dec 2019,58278,NBX GP of Cross 1,C2,208009,152802,,,,,,,,,,,,,,,,,,,
Women Elite,Zonhoven,08 Dec 2019,57807,Telenet Superprestige Zonhoven,C1,207856,152595,dunes,cloudy,10,22,builders_sand,tacky_mud,6,1,5,0,0,1,2,0,3,1,7,1,6
Women Elite,Fae' Di Oderzo - Treviso,08 Dec 2019,57844,Ciclocross del Ponte,C2,207782,152712,,,,,,,,,,,,,,,,,,,
Women Elite,Garland (Dallas) Texas,08 Dec 2019,57874,Resolution 'Cross Cup,C2,207755,152811,,,,,,,,,,,,,,,,,,,
Women Junior,"Uchiko Town, Ehime Prefecture",08 Dec 2019,57900,Japanese National Championships,CN,219904,157149,,,,,,,,,,,,,,,,,,,
Women Elite,Igorre,08 Dec 2019,57910,Ziklo kross Igorre,C2,207779,152883,,,,,,,,,,,,,,,,,,,
Women Elite,Pferdezentrum Stadl-Paura,08 Dec 2019,57961,Int. Radquerfeldein GP Lambach/Stadl-Paura,C2,190685,141548,,,,,,,,,,,,,,,,,,,
Women Elite,warwick,08 Dec 2019,58279,NBX GP of Cross 2,C2,207845,152808,,,,,,,,,,,,,,,,,,,
Women Elite,Ronse - Kluisbergen,14 Dec 2019,57805,DVV Verzekeringen trofee Hotondcross,C1,207670,152589,parkland,medium_rain,7,17,thick_mud,loose_mud,5,2,5,5,0,9,1,0,3,1,0,0,6
Women Elite,"Utsunomiya city, Tochigi prefecture",14 Dec 2019,57902,Utsunomiya Cyclo Cross Day1,C2,207758,152856,,,,,,,,,,,,,,,,,,,
Women Elite,Xativa,14 Dec 2019,57911,Ciclo-cross Ciudad de Xativa,C2,207736,152886,,,,,,,,,,,,,,,,,,,
Women Elite,Unicov,14 Dec 2019,57920,Toi Toi Cup,C1,207877,152914,,,,,,,,,,,,,,,,,,,
,,,57921,Czech National Championships - MJ,CN,207877,,,,,,,,,,,,,,,,,,,,
Women Elite,"Micasasa, Sibiu",14 Dec 2019,58569,Romania National Championships,CN,206587,151692,,,,,,,,,,,,,,,,,,,
Women Elite,0,15 Dec 2019,57821,Vlaamse Druivencross,C1,207924,152636,woodland,heavy_rain,8,33,thick_mud,heavy_mud,9,2,8,3,0,5,2,0,4,2,0,0,8
Women Elite,York,15 Dec 2019,57845,National Trophy Series Round 6: York,C2,207821,152715,,,,,,,,,,,,,,,,,,,
Women Elite,"Utsunomiya city, Tochigi prefecture",15 Dec 2019,57903,Utsunomiya Cyclo Cross Day2,C2,207952,152859,,,,,,,,,,,,,,,,,,,
Women Elite,Valencia,15 Dec 2019,57912,Cyclo-Cross Internacional Ciudad de Valencia,C2,207641,152889,,,,,,,,,,,,,,,,,,,
Women Elite,Vittorio Veneto TV,15 Dec 2019,57935,Gran Premio Città di Vittorio Veneto,C2,207704,152953,,,,,,,,,,,,,,,,,,,
Women Elite,Bagnoles de l'Orne,15 Dec 2019,57978,3eme manche de Coupe de France Cyclo-cross,C2,207815,152900,,,,,,,,,,,,,,,,,,,
Women Junior,"Tacoma, WA",15 Dec 2019,58564,USA National Championships,CN,206544,151651,,,,,,,,,,,,,,,,,,,
Women Elite,Sint-Niklaas,21 Dec 2019,57822,Waaslandcross,C2,207804,152639,woodland,overcast,9,20,tacky_mud,lake_sand,3,0,2,5,0,0,3,2,1,0,2,2,6
Women Elite,Namur,22 Dec 2019,57745,"2019-2020 Telenet UCI Cyclo-cross World Cup, Namur",CDM,190877,141430,woodland,heavy_rain,7,26,loose_mud,cobbles,10,1,8,2,0,0,3,1,3,2,1,0,5
Women Elite,Heusden-Zolder,26 Dec 2019,57746,"2019-2020 Telenet UCI Cyclo-cross World Cup, Heusden-Zolder",CDM,190756,141432,woodland,overcast,5,9,tacky_mud,lake_sand,3,7,4,2,1,1,0,0,1,0,1,1,6
Women Elite,Pfaffnau,26 Dec 2019,57853,Cross-Race GP Luzern/Pfaffnau,C2,207883,152736,,,,,,,,,,,,,,,,,,,
Women Elite,Loenhout,27 Dec 2019,57823,DVV Verzekeringen trofee Azencross,C1,207778,152642,parkland,sunny,7,9,thick_mud,heavy_mud,2,6,4,2,1,1,0,0,1,0,1,1,5
Women Elite,Diegem,29 Dec 2019,57824,Telenet Superprestige Diegem,C1,207882,152645,urban,night,3,6,tarmac,tacky_mud,3,6,6,1,1,0,0,0,3,0,1,0,5
Women Elite,Coulounieix - Chamiers,29 Dec 2019,57922,Cyclo-cross des Crouchaux,C2,207647,152903,,,,,,,,,,,,,,,,,,,
Women Elite,Bredene,30 Dec 2019,57884,Cyclocross Bredene,C2,207659,152648,parkland,sunny,6,15,thick_mud,heavy_mud,3,11,7,2,0,1,1,1,0,0,1,2,5
Women Elite,Baal,01 Jan 2020,57825,DVV Verzekeringen trofee GP Sven Nys,C1,207677,152651,woodland,cloudy,3,6,thick_mud,tacky_mud,5,0,6,0,2,0,0,1,4,0,0,3,5
Women Elite,Pétange,01 Jan 2020,57905,Grand Prix Garage Collé,C2,207935,152865,,,,,,,,,,,,,,,,,,,
Women Elite,Meilen,02 Jan 2020,57854,EKZ Cross Tour Meilen,C1,207975,152739,,,,,,,,,,,,,,,,,,,
Women Elite,Gullegem,04 Jan 2020,57826,Cyclocross Gullegem,C2,207914,152654,parkland,overcast,7,18,tacky_mud,loose_mud,0,4,6,1,2,0,0,1,1,0,1,7,4
Women Elite,Troyes,04 Jan 2020,57917,Troyes Cyclocross International,C2,207816,152906,,,,,,,,,,,,,,,,,,,
Women Elite,Brussels,05 Jan 2020,57827,DVV Verzekeringen trofee Brussels Universities Cyclocross,C1,207692,152657,woodland,overcast,7,9,tacky_mud,heavy_mud,0,1,7,3,0,1,3,2,2,0,0,0,8
Women Junior,Pontevedra,10 Jan 2020,58699,Spanish National Championships,CN,223188,160394,,,,,,,,,,,,,,,,,,,
Women Under 23,Schio - Vicenza,11 Jan 2020,57846,Italian National Championships,CN,223156,160362,,,,,,,,,,,,,,,,,,,
Women Elite,TBC,12 Jan 2020,57855,Swedish National Championships,CN,190657,141527,,,,,,,,,,,,,,,,,,,
Women Junior,Shrewsbury,11 Jan 2020,57936,British National Championships,CN,223157,160363,,,,,,,,,,,,,,,,,,,
Women Junior,Rucphen,12 Jan 2020,57937,Dutch National Championships,CN,223161,160367,,,,,,,,,,,,,,,,,,,
Women Junior,Flamanville,11 Jan 2020,57938,French National Championships,CN,206073,151239,,,,,,,,,,,,,,,,,,,
Women Junior,Albstadt,11 Jan 2020,57942,German National Championships,CN,223154,160360,,,,,,,,,,,,,,,,,,,
Women Elite,Antwerpen,11 Jan 2020,58426,Belgian National Championships,CN,204570,150109,,,,,,,,,,,,,,,,,,,
Women Elite,"Weiz, Steiermark",11 Jan 2020,58568,Austrian National Championships,CN,206589,151687,,,,,,,,,,,,,,,,,,,
Women Junior,Dippach,11 Jan 2020,58570,Luxembourg National Championships,CN,206602,151702,,,,,,,,,,,,,,,,,,,
Women Under 23,Vila Real,11 Jan 2020,58698,Portugese National Championships,CN,223265,160410,,,,,,,,,,,,,,,,,,,
Women Elite,Szczekociny,11 Jan 2020,59155,Polish National Championships,CN,210200,154985,,,,,,,,,,,,,,,,,,,
Women Elite,Jicin,12 Jan 2020,57915,"Czech National Championships - ME, WE",CN,190684,141495,,,,,,,,,,,,,,,,,,,
Women Elite,Slagelse,12 Jan 2020,57939,Danish National Championships,CN,190807,141531,,,,,,,,,,,,,,,,,,,
Women Under 23,Baden,12 Jan 2020,57940,Swiss National Championships,CN,223160,160366,,,,,,,,,,,,,,,,,,,
Women Elite,"Castlefield, Enniscrone, Sligo",12 Jan 2020,58577,Irish National Championships,CN,206740,151841,,,,,,,,,,,,,,,,,,,
Women Elite,Kecskemét,12 Jan 2020,59095,Hungarian national championships,CN,209924,154742,,,,,,,,,,,,,,,,,,,
Women Elite,Donja Voca,12 Jan 2020,59770,Croatian national championships,CN,219894,157139,,,,,,,,,,,,,,,,,,,
Women Elite,Otegem,13 Jan 2020,57828,Cyclocross Otegem,C2,208026,152659,,,,,,,,,,,,,,,,,,,
Women Elite,Nommay,19 Jan 2020,57748,"2019-2020 Telenet UCI Cyclo-cross World Cup, Nommay Pays de Montbeliard",CDM,190847,141434,parkland,sunny,4,17,tacky_mud,loose_mud,4,1,4,0,1,2,2,1,2,0,0,0,5
Women Elite,"Zao-Town,Miyagi Prefecture",19 Jan 2020,57904,ZAO-sama Cup Tohoku CX Series,C2,207920,152862,,,,,,,,,,,,,,,,,,,
Women Elite,Leudelange,19 Jan 2020,57906,Grand Prix Möbel Alvisse,C2,207684,152868,,,,,,,,,,,,,,,,,,,
Women Elite,Zonnebeke,25 Jan 2020,57829,Kasteelcross Zonnebeke,C2,207752,152662,,,,,,,,,,,,,,,,,,,
Women Elite,Hoogerheide,26 Jan 2020,57747,"2019-2020 Telenet UCI Cyclo-cross World Cup, Hoogerheide Provincie Noord-Brabant",CDM,190707,141436,woodland,sunny,9,11,hardpack,dry_grass,4,5,5,1,1,0,0,1,3,0,1,0,6
Women Junior,Dübendorf,01 Feb 2020,57738,UCI Cyclo-cross World Championships,CM,190865,141442,urban,sunny,8,33,tacky_mud,hardpack,2,9,8,2,0,0,3,1,0,0,1,0,6
Women Elite,Maldegem,05 Feb 2020,57830,Parkcross Maldegem,C2,207907,152664,parkland,overcast,7,7,tacky_mud,builders_sand,1,3,2,0,0,0,0,1,0,0,4,1,6
Women Elite,Lille,08 Feb 2020,57831,DVV Verzekeringen trofee Krawatencross,C1,207925,152667,lakeside,overcast,10,15,lake_sand,hardpack,1,2,3,0,1,2,1,1,0,0,9,0,5
Women Elite,Middelkerke,15 Feb 2020,57833,Telenet Superprestige Middelkerke,C1,207853,152673,parkland,overcast,11,30,tacky_mud,heavy_mud,1,7,7,4,1,2,3,1,1,0,2,4,5
Women Elite,Hulst,16 Feb 2020,57918,Vestingcross Hulst,C1,207896,152909,parkland,overcast,16,50,tacky_mud,,4,9,8,7,0,0,3,1,0,0,0,2,5
Women Elite,Leuven,22 Feb 2020,57834,GP Leuven,C1,208029,152676,woodland,overcast,9,40,tacky_mud,,2,6,6,0,0,1,0,1,0,0,1,4,6
Women Elite,Oostmalle,23 Feb 2020,57835,Internationale Sluitingsprijs Oostmalle,C1,207665,152679,,,,,,,,,,,,,,,,,,,
Women Elite,Baden,13 Sep 2020,60477,EKZ CrossTour Baden,C1,226102,161919,,,,,,,,,,,,,,,,,,,
Women Junior,Mladá Boleslav,26 Sep 2020,60491,Toi Toi Cup,C2,233372,167902,,,,,,,,,,,,,,,,,,,
Women Elite,Lokeren,26 Sep 2020,62769,Rapencross,C2,234408,168910,,,,,,,,,,,,,,,,,,,
Women Junior,Holé Vrchy,27 Sep 2020,60493,Toi Toi Cup,C2,233376,167903,,,,,,,,,,,,,,,,,,,
Women Elite,Kruibeke,03 Oct 2020,60501,Polderscross,C2,225821,161989,,,,,,,,,,,,,,,,,,,
Women Elite,Täby Park,10 Oct 2020,60508,CX Täby Park,C2,225827,162008,,,,,,,,,,,,,,,,,,,
Women Elite,Sueca,11 Oct 2020,60502,Trofeu de Ciclocross Sueca,C2,225886,161992,,,,,,,,,,,,,,,,,,,
Women Elite,Gieten,11 Oct 2020,60503,Telenet Superprestige - Gieten,C1,225900,161995,,,,,,,,,,,,,,,,,,,
Women Elite,Steinmaur,11 Oct 2020,60505,Internationales Radquer Steinmaur,C2,225919,162001,,,,,,,,,,,,,,,,,,,
Women Elite,Stockholm,11 Oct 2020,60515,Stockholm cyclocross,C2,225873,162031,,,,,,,,,,,,,,,,,,,
Women Elite,Beringen,17 Oct 2020,60507,Beringen,C2,226279,162431,,,,,,,,,,,,,,,,,,,
Women Elite,Bern,18 Oct 2020,62691,EKZ CrossTour Bern,C1,233740,168270,,,,,,,,,,,,,,,,,,,
Women Elite,Oostkamp - Ruddervoorde,24 Oct 2020,60518,Telenet Superprestige - Ruddervoorde,C1,226155,162305,,,,,,,,,,,,,,,,,,,
Women Junior,Elva,24 Oct 2020,60521,Estonian National Championships,CN,236213,170497,,,,,,,,,,,,,,,,,,,
Women Junior,Izhevsk (Republic of Udmurtia),24 Oct 2020,60647,Russian Cyclo-cross National Championships,CN,226238,162389,,,,,,,,,,,,,,,,,,,
Women Junior,Panevezys,25 Oct 2020,63730,Lithuanian Cyclo-cross National Championships,CN,236104,170390,,,,,,,,,,,,,,,,,,,
Women Elite,Oudenaarde,31 Oct 2020,60528,X²0 badkamers Trofee - Koppenbergcross,C1,226024,162069,,,,,,,,,,,,,,,,,,,
Women Elite,Vantaa,31 Oct 2020,63866,Finnish National Championships,CN,237384,171669,,,,,,,,,,,,,,,,,,,
Women Elite,’S-Hertogenbosch,08 Nov 2020,60539,2020 UEC Cyclo-cross European Championships,CC,225877,162105,,,,,,,,,,,,,,,,,,,
Women Elite,Niel,11 Nov 2020,60541,Telenet Superprestige - Jaarmarktcross,C1,225772,162112,,,,,,,,,,,,,,,,,,,
Women Elite,Leuven,14 Nov 2020,60483,GP Leuven,C1,226163,162314,,,,,,,,,,,,,,,,,,,
Women Junior,Rýmařov,17 Nov 2020,60549,Toi Toi Cup,C2,233375,167906,,,,,,,,,,,,,,,,,,,
Women Junior,Jičín,22 Nov 2020,60527,Toi Toi Cup,C2,233373,167905,,,,,,,,,,,,,,,,,,,
Women Elite,Merksplas,22 Nov 2020,60550,Telenet Superprestige - Cyclocross Merksplas,C2,226280,162434,,,,,,,,,,,,,,,,,,,
Women Elite,Gościęcin,22 Nov 2020,60552,Bryksy Cross Gościęcin,C2,225764,162147,,,,,,,,,,,,,,,,,,,
Women Elite,Takashima City Shiga Prefecture,22 Nov 2020,60555,Kansai Cyclo Cross Makino Round,C2,225820,162156,,,,,,,,,,,,,,,,,,,
Women Elite,Trnava,28 Nov 2020,60504,Grand Prix Trnava,C2,225888,161998,,,,,,,,,,,,,,,,,,,
Women Elite,Kortrijk,28 Nov 2020,60556,X²0 badkamers Trofee - Urban Cross,C2,226010,162159,,,,,,,,,,,,,,,,,,,
Women Junior,"Nagamine-Sports Park,Iiyama City, Nagano Pref.",28 Nov 2020,60564,Japanese National Championships,CN,234547,169036,,,,,,,,,,,,,,,,,,,
Women Junior,Tabor,29 Nov 2020,60458,"2020-2021 UCI Cyclo-cross World Cup, Tabor",CDM,234631,169106,,,,,,,,,,,,,,,,,,,
Women Elite,Grand Prix Podbrezova,29 Nov 2020,60526,Podbrezova,C2,225677,161813,,,,,,,,,,,,,,,,,,,
Women Elite,Topolcianky,05 Dec 2020,60558,Championnat National de Slovaquie ME,CN,226006,162165,,,,,,,,,,,,,,,,,,,
Women Elite,Grand Prix Topolcianky,06 Dec 2020,60509,Topolcianky,C2,225865,162011,,,,,,,,,,,,,,,,,,,
Women Elite,Boom,06 Dec 2020,60563,Telenet Superprestige - De Schorre Boom,C2,225875,162181,,,,,,,,,,,,,,,,,,,
Women Junior,Kolín,12 Dec 2020,60570,Championnat National de la Rep. Tcheque ME,CN,233374,167908,,,,,,,,,,,,,,,,,,,
Women Elite,Xátiva (Valencia),12 Dec 2020,60571,Ciclo-cross Ciudad de Xàtiva,C2,225883,162201,,,,,,,,,,,,,,,,,,,
Women Elite,Kolín,12 Dec 2020,60572,Toi Toi Cup,C2,225868,162203,,,,,,,,,,,,,,,,,,,
Women Elite,Antwerpen,12 Dec 2020,62481,X²0 badkamers Trofee - Scheldecross,C1,232965,167579,,,,,,,,,,,,,,,,,,,
Women Elite,Valencia,13 Dec 2020,60574,Cyclocross Internacional ciudad Valencia,C2,225836,162210,,,,,,,,,,,,,,,,,,,
Women Elite,Gavere,13 Dec 2020,60578,Telenet Superprestige - Gavere,C1,226151,162294,,,,,,,,,,,,,,,,,,,
Women Elite,Namur,20 Dec 2020,60460,"2020-2021 UCI Cyclo-cross World Cup, Namur",CDM,225619,161788,,,,,,,,,,,,,,,,,,,
Women Elite,Essen,22 Dec 2020,60600,Robotland Cyclocross Essen,C2,226158,162311,,,,,,,,,,,,,,,,,,,
Women Elite,Herentals,23 Dec 2020,60580,X²0 badkamers Trofee - Azencross,C2,225845,162226,,,,,,,,,,,,,,,,,,,
Women Elite,Heusden-Zolder,26 Dec 2020,60605,Telenet Superprestige - Heusden-Zolder,C1,225617,161846,,,,,,,,,,,,,,,,,,,
Women Elite,Dendermonde,27 Dec 2020,60469,"2020-2021 UCI Cyclo-cross World Cup, Dendermonde",CDM,225706,161782,,,,,,,,,,,,,,,,,,,
Women Elite,Bredene,30 Dec 2020,60581,Cyclocross Bredene,C2,225989,162230,,,,,,,,,,,,,,,,,,,
Women Elite,Baal,01 Jan 2021,60582,X²0 badkamers Trofee - GP Sven Nys,C1,226106,162232,,,,,,,,,,,,,,,,,,,
Women Elite,Gullegem,02 Jan 2021,60584,Cyclocross Gullegem,C2,226148,162297,,,,,,,,,,,,,,,,,,,
Women Elite,Hittnau,02 Jan 2021,60585,EKZ CrossTour Hittnau,C1,226084,162239,,,,,,,,,,,,,,,,,,,
Women Elite,Troyes,02 Jan 2021,60613,Troyes Cyclocross International,C1,225644,161852,,,,,,,,,,,,,,,,,,,
Women Elite,Hulst,03 Jan 2021,60466,"2020-2021 UCI Cyclo-cross World Cup, Hulst",CDM,225742,161796,,,,,,,,,,,,,,,,,,,
Women Junior,Torrelavega,08 Jan 2021,64531,Spanish National Championships,CN,249056,176362,,,,,,,,,,,,,,,,,,,
Women Elite,Jabkenice,09 Jan 2021,60586,Championnat National de la Rep. Tcheque ME,CN,225936,162241,,,,,,,,,,,,,,,,,,,
Women Elite,Pontchâteau - Région Pays de la Loire,09 Jan 2021,60587,Championnats de France de Cyclo-cross,CN,226078,162245,,,,,,,,,,,,,,,,,,,
Women Elite,Meulebeke,09 Jan 2021,60607,Belgian National Championships,CN,225693,161856,,,,,,,,,,,,,,,,,,,
Women Elite,Lecce,09 Jan 2021,62710,Italian National Championships,CN,233847,168373,,,,,,,,,,,,,,,,,,,
Women Elite,Pernitz,09 Jan 2021,64474,Austrian National Championships,CN,248511,175855,,,,,,,,,,,,,,,,,,,
Women Junior,Miskolc,09 Jan 2021,64532,Hungarian national championships,CN,249058,176366,,,,,,,,,,,,,,,,,,,
Women Under 23,Hittnau,10 Jan 2021,60590,Crossquer,CN,248505,175853,,,,,,,,,,,,,,,,,,,
Women Elite,Aarhus,10 Jan 2021,60614,Danish National Championships,CN,249766,177072,,,,,,,,,,,,,,,,,,,
Women Elite,Mol,16 Jan 2021,60592,Lampiris Zilvermeercross,C1,225797,162257,,,,,,,,,,,,,,,,,,,
Women Elite,Hamme,23 Jan 2021,60601,X²0 badkamers Trofee - Flandriencross,C1,225627,161830,,,,,,,,,,,,,,,,,,,
Women Junior,Włoszakowice,23 Jan 2021,64488,Polish National Championships,CN,248610,175909,,,,,,,,,,,,,,,,,,,
Women Elite,Overijse,24 Jan 2021,60468,"2020-2021 UCI Cyclo-cross World Cup, Overijse",CDM,225629,161771,,,,,,,,,,,,,,,,,,,
Women Elite,Ostende,30 Jan 2021,60615,UCI Cyclo-cross World Championships,CM,228627,164674,,,,,,,,,,,,,,,,,,,
Women Elite,Middelkerke,06 Feb 2021,60598,Telenet Superprestige - Middelkerke,C1,226154,162308,,,,,,,,,,,,,,,,,,,
Women Elite,Lille,07 Feb 2021,60599,X²0 badkamers Trofee - Krawatencross,C1,225904,162276,,,,,,,,,,,,,,,,,,,
Women Elite,Eeklo,13 Feb 2021,60478,cross Eeklo,C2,225864,161923,,,,,,,,,,,,,,,,,,,
Women Elite,Brussels,14 Feb 2021,60595,X²0 badkamers Trofee - Brussels Universities Cyclocross,C1,225964,162266,,,,,,,,,,,,,,,,,,,
Women Elite,Sint-Niklaas,20 Feb 2021,60602,Waaslandcross,C2,226287,162437,,,,,,,,,,,,,,,,,,,
Women Elite,Oostmalle,21 Feb 2021,60603,Internationale Sluitingsprijs Ostmalle,C1,225893,162281,,,,,,,,,,,,,,,,,,,
Women Elite,Santo Tirso,21 Feb 2021,62785,Portugese National Championships,CN,234552,169038,,,,,,,,,,,,,,,,,,,
Women Junior,Saint-Quentin-en-Yvelines / Ile de France,21 Feb 2021,64735,Championnats de France de Cyclo-cross - catégories Juniors,CN,250672,177862,,,,,,,,,,,,,,,,,,,