CategoryCode,CompetitionName,Venue,Date,CompetitionId,ClassCode,EventId,RaceId,Setting,Weather,Temperature,WindSpeed,TrackSurfacePrimary,TrackSurfaceSecondary,ClimbingDifficulty,BanksUp,Chutes,OffCambers,Steps,Runs,RunUps,Barriers,ShortClimbs,LongClimbs,SandPits,Whoops,Laps
Men Junior,Australian National Championships,"Adelaide, South Australia",05 Aug 2017,41034,CN,73973,,,,,,,,,,,,,,,,,,,,
Men Elite,2017 Cyclo-Cross National Series Round 5,"Fields of Joy CX, Essendon Fields, Victoria",26 Aug 2017,41056,C2,74134,,,,,,,,,,,,,,,,,,,,
Men Elite,2017 Cyclo-Cross National Series Round 6,"Fields of Joy CX, Essendon Fields, Victoria",27 Aug 2017,41057,C2,74373,,,,,,,,,,,,,,,,,,,,
Men Elite,Australian National Championships,"Adelaide, South Australia",05 Aug 2017,41034,CN,73915,65871,,,,,,,,,,,,,,,,,,,
Men Elite,2017 Cyclo-Cross National Series Round 5,"Fields of Joy CX, Essendon Fields, Victoria",26 Aug 2017,41056,C2,74134,65873,,,,,,,,,,,,,,,,,,,
Men Elite,2017 Cyclo-Cross National Series Round 6,"Fields of Joy CX, Essendon Fields, Victoria",27 Aug 2017,41057,C2,74373,65968,,,,,,,,,,,,,,,,,,,
Men Elite,Qiansen trophy Fengtai Changxindian,"Changxindian Fengtai, Beijing",03 Sep 2017,41028,C1,74127,65716,,,,,,,,,,,,,,,,,,,
Men Elite,"""Qiansen trophy"" Yanqing","Yanqing, Beijing",06 Sep 2017,41000,C1,74311,65875,,,,,,,,,,,,,,,,,,,
Men Elite,Rochester Cyclocross,"Rochester, NY",09 Sep 2017,40981,C1,74191,66211,,,,,,,,,,,,,,,,,,,
Men Elite,Cross Eeklo,Eeklo,10 Sep 2017,40909,C2,73925,65638,,,,,,,,,,,,,,,,,,,
Men Elite,Rochester Cyclocross,"Rochester, NY",10 Sep 2017,40980,C2,73948,65842,,,,,,,,,,,,,,,,,,,
Men Elite,Jingle Cross 1,"Iowa City, Iowa",15 Sep 2017,40947,C1,74023,65811,,,,,,,,,,,,,,,,,,,
Men Elite,Jingle Cross 2,"Iowa City, Iowa",16 Sep 2017,40948,C2,74273,66169,,,,,,,,,,,,,,,,,,,
Men Elite,"2017-2018 Telenet UCI Cyclo-cross World Cup, Jingle Cross Iowa City",Jingle Cross Iowa City,17 Sep 2017,40949,CDM,74111,66058,,,,,,,,,,,,,,,,,,,
Men Elite,EKZ CrossTour,Baden,17 Sep 2017,40992,C1,73966,66041,,,,,,,,,,,,,,,,,,,
Men Elite,Clif Bar Cross Vegas,"Las Vegas, NV",20 Sep 2017,40955,C1,74320,65941,,,,,,,,,,,,,,,,,,,
Men Elite,Trek CXC Cup,Waterloo Wisconsin,22 Sep 2017,40968,C2,73986,65911,,,,,,,,,,,,,,,,,,,
Men Elite,"2017-2018 Telenet UCI Cyclo-cross World Cup, Waterloo",Waterloo,24 Sep 2017,40927,CDM,73983,65711,,,,,,,,,,,,,,,,,,,
Men Elite,Radcross Illnau,Illnau,24 Sep 2017,40996,C2,74088,65942,,,,,,,,,,,,,,,,,,,
Men Elite,Toi Toi Cup,Slaný,28 Sep 2017,40961,C1,73841,65876,,,,,,,,,,,,,,,,,,,
Men Elite,KMC Cross Fest,"Thompson, Connecticut",29 Sep 2017,50476,C1,147645,117451,,,,,,,,,,,,,,,,,,,
Men Elite,GP Neerpelt,Neerpelt,30 Sep 2017,40920,C2,74222,65639,,,,,,,,,,,,,,,,,,,
Men Elite,West Sacramento Cyclocross Grand Prix - WSCXGP,"West Sacramento, California, USA",30 Sep 2017,41062,C2,73990,65909,,,,,,,,,,,,,,,,,,,
Men Elite,"Slovenský pohár v cyklokrose, GP Poprad",Poprad,30 Sep 2017,50557,C2,147668,117536,,,,,,,,,,,,,,,,,,,
Men Elite,Telenet Superprestige Gieten,Gieten,01 Oct 2017,40871,C1,74089,65943,,,,,,,,,,,,,,,,,,,
Men Elite,West Sacramento Cyclocross Grand Prix - WSCXGP,"West Sacramento, California",01 Oct 2017,41063,C2,74151,65657,,,,,,,,,,,,,,,,,,,
Men Elite,EKZ CrossTour,Bern,01 Oct 2017,41072,C2,74390,65783,,,,,,,,,,,,,,,,,,,
Men Elite,KMC Cross Fest,"Thompson, Connecticut",01 Oct 2017,50477,C2,147646,117454,,,,,,,,,,,,,,,,,,,
Men Elite,Toi Toi Cup,Jabkenice,07 Oct 2017,40962,C2,74239,65845,,,,,,,,,,,,,,,,,,,
Men Elite,Charm City Cross,"Baltimore, MD",07 Oct 2017,40975,C1,148819,118148,,,,,,,,,,,,,,,,,,,
Men Elite,Berencross,Meulebeke,07 Oct 2017,41036,C2,74020,65855,,,,,,,,,,,,,,,,,,,
Men Elite,Cyclo-Cross International de la Solidarité de Lutterbach,Lutterbach,08 Oct 2017,40870,C2,74193,66203,,,,,,,,,,,,,,,,,,,
Men Elite,National Trophy Series - Derby,Derby,08 Oct 2017,40894,C2,74288,65740,,,,,,,,,,,,,,,,,,,
Men Elite,Charm City Cross,"Baltimore, MD",08 Oct 2017,40976,C2,148820,118150,,,,,,,,,,,,,,,,,,,
Men Elite,DVV verzekeringen trofee - Hotondcross,Ronse - Kluisbergen,08 Oct 2017,40991,C1,73964,66021,,,,,,,,,,,,,,,,,,,
Men Elite,Kronborg Park Cross,Helsingør,08 Oct 2017,41010,C2,74061,66135,,,,,,,,,,,,,,,,,,,
Men Elite,"Slovenský pohár v cyklokrose, GP Rakova",Rakova,08 Oct 2017,50556,C2,147665,117533,,,,,,,,,,,,,,,,,,,
Men Elite,Ibaraki Cyclo-cross Toride round,"Nakauchi, Toride-city, Ibaraki",09 Oct 2017,41064,C2,73843,65661,,,,,,,,,,,,,,,,,,,
Men Elite,CRAFT Sportswear Gran Prix of Gloucester,"Gloucester, MA",14 Oct 2017,40916,C2,148752,118080,,,,,,,,,,,,,,,,,,,
Men Elite,US Open of Cyclocross Day 1,"Boulder, CO",14 Oct 2017,40945,C2,148756,118084,,,,,,,,,,,,,,,,,,,
Men Elite,Toi Toi Cup,Hlinsko,14 Oct 2017,40963,C2,74240,65846,,,,,,,,,,,,,,,,,,,
Men Elite,Polderscross,Kruibeke,14 Oct 2017,41038,C2,73978,65723,,,,,,,,,,,,,,,,,,,
Men Elite,Estonian National Championships,Rapla,14 Oct 2017,41039,CN,74116,66156,,,,,,,,,,,,,,,,,,,
Men Elite,CRAFT Sportswear Gran Prix of Gloucester,"Gloucester, MA",15 Oct 2017,40915,C2,148753,118082,,,,,,,,,,,,,,,,,,,
Men Elite,US Open of Cyclocross Day 2,"Boulder, CO",15 Oct 2017,40946,C2,148759,118086,,,,,,,,,,,,,,,,,,,
Men Elite,Telenet Superprestige Zonhoven,Zonhoven,15 Oct 2017,40950,C1,73835,65886,,,,,,,,,,,,,,,,,,,
Men Elite,1ère manche de la Coupe de France,Besançon,15 Oct 2017,41029,C1,74254,66095,,,,,,,,,,,,,,,,,,,
Men Elite,EKZ CrossTour,Aigle,15 Oct 2017,41035,C1,73992,65921,,,,,,,,,,,,,,,,,,,
Men Elite,Kermiscross,Ardooie,19 Oct 2017,40902,C2,74324,65788,,,,,,,,,,,,,,,,,,,
Men Elite,Cyclocross International Podbrezová,Podbrezová,21 Oct 2017,40973,C2,73957,66111,,,,,,,,,,,,,,,,,,,
Men Elite,DCCX,"Washington, DC",21 Oct 2017,41019,C2,159211,120387,,,,,,,,,,,,,,,,,,,
Men Elite,Telenet Superprestige Niels Albert CX,Boom,21 Oct 2017,41027,C2,73899,65888,,,,,,,,,,,,,,,,,,,
Men Elite,The Silver Goose,"Midland, Ontario",21 Oct 2017,41058,C2,74393,66081,,,,,,,,,,,,,,,,,,,
Men Elite,"2017-2018 Telenet UCI Cyclo-cross World Cup, Koksijde",Koksijde,22 Oct 2017,40922,CDM,73893,65860,,,,,,,,,,,,,,,,,,,
Men Elite,Tage des Querfeldeinsports (Day of Cyclocross),Ternitz,22 Oct 2017,40997,C2,74018,65847,,,,,,,,,,,,,,,,,,,
Men Elite,Stockholm cyclocross,Stockholm,22 Oct 2017,41015,C2,74109,66046,,,,,,,,,,,,,,,,,,,
Men Elite,DCCX,"Washington, DC",22 Oct 2017,41020,C2,159208,120389,,,,,,,,,,,,,,,,,,,
Men Elite,Cyclo-cross de Balan Ardennes,Balan,22 Oct 2017,41050,C2,74255,66097,,,,,,,,,,,,,,,,,,,
Men Elite,The Silver Goose,"Midland, Ontario",22 Oct 2017,41059,C2,73997,65635,,,,,,,,,,,,,,,,,,,
Men Elite,Kiremko Nacht van Woerden,Woerden,24 Oct 2017,40954,C2,74275,66170,,,,,,,,,,,,,,,,,,,
Men Elite,Canadian National Championships,"Sherbrooke, QC",28 Oct 2017,40889,CN,73929,65636,,,,,,,,,,,,,,,,,,,
Men Elite,Toi Toi Cup,Holé Vrchy,28 Oct 2017,40958,C2,74307,65880,,,,,,,,,,,,,,,,,,,
Men Elite,De Grote Prijs van Brabant,s-Hertogenbosch,28 Oct 2017,40994,C1,73873,65750,,,,,,,,,,,,,,,,,,,
Men Elite,Ziklokross Laudio,Laudio-Llodio,28 Oct 2017,41041,C1,74206,65741,,,,,,,,,,,,,,,,,,,
Men Elite,Cincinnati Cyclocross @ Devou Park,"Covington, Kentucky, USA",28 Oct 2017,41071,C1,74214,65869,,,,,,,,,,,,,,,,,,,
Men Elite,"Slovenský pohár v cyklokrose, GP Dolná Krupa",Dolná Krupa,28 Oct 2017,50555,C2,147662,117530,,,,,,,,,,,,,,,,,,,
Men Elite,HPCX 1,"Jamesburg, NJ",28 Oct 2017,50559,C2,147707,117573,,,,,,,,,,,,,,,,,,,
Men Elite,Telenet Superprestige Ruddervoorde,Oostkamp - Ruddervoorde,29 Oct 2017,40878,C1,74103,66086,,,,,,,,,,,,,,,,,,,
Men Elite,Grand-Prix de la Commune de Contern,Contern,29 Oct 2017,40907,C2,73994,65663,,,,,,,,,,,,,,,,,,,
Men Elite,Harbin Park International,"Cincinnati, Ohio, United States",29 Oct 2017,40967,C2,74105,66128,,,,,,,,,,,,,,,,,,,
Men Elite,EKZ CrossTour,Hittnau,29 Oct 2017,40972,C1,74015,65953,,,,,,,,,,,,,,,,,,,
Men Elite,TOHOKU CX Project SAGAE Round,"Sagae-shi,Yamagata Prefecture",29 Oct 2017,41018,C2,73828,65751,,,,,,,,,,,,,,,,,,,
Men Elite,National Trophy Series: Abergavenny,Abergavenny,29 Oct 2017,41040,C1,74155,65649,,,,,,,,,,,,,,,,,,,
Men Elite,"Slovensky pohar v cyklokrose, GP Trnava",Trnava,29 Oct 2017,50554,C2,147659,117527,,,,,,,,,,,,,,,,,,,
Men Elite,HPCX 2,"Jamesburg, NJ",29 Oct 2017,50560,C2,147708,117575,,,,,,,,,,,,,,,,,,,
Men Elite,Finnish National Championships,Nokia,29 Oct 2017,51720,CN,159032,120283,,,,,,,,,,,,,,,,,,,
Men Elite,DVV verzekeringen trofee - Koppenbergcross,Melden - Oudenaarde,01 Nov 2017,40917,C1,73886,65642,,,,,,,,,,,,,,,,,,,
Men Elite,Gran Premio Mamma E Papa Guerciotti AM,Milano,01 Nov 2017,40979,C2,73898,65618,,,,,,,,,,,,,,,,,,,
Men Elite,Starlight-cross,Hibino Mihama-ku Chiba-city Chiba pref.,03 Nov 2017,41065,C2,74232,65945,,,,,,,,,,,,,,,,,,,
Men Elite,Derby City Cup,"Louisville, Kentucky",04 Nov 2017,40966,C2,74397,66114,,,,,,,,,,,,,,,,,,,
Men Elite,Cyclo-cross de Karrantza,Karrantza,05 Nov 2017,40984,C2,73944,65805,,,,,,,,,,,,,,,,,,,
Men Elite,Pan-american Continental Championships,Louisville,05 Nov 2017,41011,CC,74368,65679,,,,,,,,,,,,,,,,,,,
Men Elite,UEC Cyclo-Cross European Championships,Tábor,05 Nov 2017,41024,CC,74382,65851,,,,,,,,,,,,,,,,,,,
Men Elite,Jaarmarktcross,Niel,11 Nov 2017,40872,C2,73849,65792,,,,,,,,,,,,,,,,,,,
Men Elite,The Northampton International,"Northampton, MA",11 Nov 2017,40913,C2,74408,66049,,,,,,,,,,,,,,,,,,,
Men Elite,Toi Toi Cup,Uničov,11 Nov 2017,40960,C1,74055,66139,,,,,,,,,,,,,,,,,,,
Men Elite,Icelandic Cyclo-cross Championships,Reykjavik,11 Nov 2017,51558,CN,148747,118075,,,,,,,,,,,,,,,,,,,
Men Elite,Telenet Superprestige Gavere,Gavere,12 Nov 2017,40874,C1,74104,66087,,,,,,,,,,,,,,,,,,,
Men Elite,National Trophy Series: Shrewsbury,Shrewsbury,12 Nov 2017,40895,C2,74012,65983,,,,,,,,,,,,,,,,,,,
Men Elite,Norwegian National Championships,Arendal,12 Nov 2017,40898,CN,74137,65619,,,,,,,,,,,,,,,,,,,
Men Elite,The Northampton International,"Northampton, MA",12 Nov 2017,40914,C2,74398,66115,,,,,,,,,,,,,,,,,,,
Men Elite,Flückiger Cross Madiswil,Madiswil,12 Nov 2017,40993,C1,74420,66179,,,,,,,,,,,,,,,,,,,
Men Elite,Elorrioko Ziklokrosa Basqueland,Elorrio,12 Nov 2017,41004,C1,73900,65702,,,,,,,,,,,,,,,,,,,
Men Elite,2ème manche de la Coupe de France,La Meziere,12 Nov 2017,41012,C1,74187,66032,,,,,,,,,,,,,,,,,,,
Men Elite,Cyntergy Hurtland,"Tulsa, OK",12 Nov 2017,50479,C2,147654,117459,,,,,,,,,,,,,,,,,,,
Men Elite,"Slovenský pohár v cyklokrose, GP Kosice",Kosice,12 Nov 2017,50558,C2,147671,117539,,,,,,,,,,,,,,,,,,,
Men Elite,CXLA Weekend: Cyclocross Los Angeles,Moreno Valley,18 Nov 2017,40987,C2,74342,66051,,,,,,,,,,,,,,,,,,,
Men Elite,Major Taylor 'Cross Cup Day 1,"Indianapolis, IN",18 Nov 2017,41048,C2,74309,65927,,,,,,,,,,,,,,,,,,,
Men Elite,Supercross Day 1,"Suffern , NY",18 Nov 2017,41068,C2,74132,65926,,,,,,,,,,,,,,,,,,,
Men Elite,"2017-2018 Telenet UCI Cyclo-cross World Cup, Bogense",Bogense,19 Nov 2017,40928,CDM,74360,65863,,,,,,,,,,,,,,,,,,,
Men Elite,Int. Radquerfeldein GP Lambach/Stadl-Paura,Pferdezentrum Stadl-Paura,19 Nov 2017,40974,C2,73880,66017,,,,,,,,,,,,,,,,,,,
Men Elite,CXLA Weekend: Cyclocross Los Angeles,Moreno Valley,19 Nov 2017,40988,C2,73982,65765,,,,,,,,,,,,,,,,,,,
Men Elite,KANSAI Cyclo Cross Makino Round,Takashima City Shiga Prefecture,19 Nov 2017,41009,C2,74396,66104,,,,,,,,,,,,,,,,,,,
Men Elite,Major Taylor 'Cross Cup Day 2,"Indianapolis, IN",19 Nov 2017,41045,C2,74121,66182,,,,,,,,,,,,,,,,,,,
Men Elite,Supercross Day 2,"Suffern , NY",19 Nov 2017,41069,C2,74328,65828,,,,,,,,,,,,,,,,,,,
Men Elite,"2017-2018 Telenet UCI Cyclo-cross World Cup, Zeven",Zeven,25 Nov 2017,40929,CDM,74410,66060,,,,,,,,,,,,,,,,,,,
Men Elite,Rapha Supercross Nobeyama -Day 1,"Minamimaki Village, Nagano",25 Nov 2017,41016,C2,74090,65946,,,,,,,,,,,,,,,,,,,
Men Elite,DVV verzekeringen trofee - Flandriencross,Hamme,26 Nov 2017,40903,C1,73882,65727,,,,,,,,,,,,,,,,,,,
Men Elite,Rapha Supercross Nobeyama -Day 2,"Minamimaki Village, Nagano",26 Nov 2017,41017,C2,74283,65754,,,,,,,,,,,,,,,,,,,
Men Elite,International Cyclocross Selle SMP -9° Trof.Cop.ed.Brugherio82,Brugherio,26 Nov 2017,41023,C2,74146,65630,,,,,,,,,,,,,,,,,,,
Men Elite,National Trophy Series: Cyclopark,"Cyclopark, Gravesend",26 Nov 2017,41061,C2,74405,66033,,,,,,,,,,,,,,,,,,,
Men Elite,GP Hasselt,Hasselt,02 Dec 2017,40932,C1,74087,65978,,,,,,,,,,,,,,,,,,,
Men Elite,Toi Toi Cup,Milovice,02 Dec 2017,40959,C2,74230,65972,,,,,,,,,,,,,,,,,,,
Men Elite,NBX GP of Cross 1,"Warwick, RI",02 Dec 2017,40964,C2,73903,65766,,,,,,,,,,,,,,,,,,,
Men Elite,Ruts 'n' Guts Day 1,"Broken Arrow, OK",02 Dec 2017,41021,C1,73976,66183,,,,,,,,,,,,,,,,,,,
Men Elite,Cyclo-cross international de Nyon,Nyon,02 Dec 2017,41046,C2,74386,65822,,,,,,,,,,,,,,,,,,,
Men Elite,Cyclocross International Sion-Valais,Sion,03 Dec 2017,40956,C2,73842,66129,,,,,,,,,,,,,,,,,,,
Men Elite,NBX GP of Cross 2,Warwick,03 Dec 2017,40965,C2,74399,66118,,,,,,,,,,,,,,,,,,,
Men Elite,Zilvermeercross,Mol,03 Dec 2017,41014,C2,74021,65793,,,,,,,,,,,,,,,,,,,
Men Elite,Ruts 'n' Guts Day 2,"Broken Arrow, OK",03 Dec 2017,41022,C2,74163,65958,,,,,,,,,,,,,,,,,,,
Men Elite,3ème manche de la Coupe de France,Jablines,03 Dec 2017,41047,C1,74417,66163,,,,,,,,,,,,,,,,,,,
Men Elite,Utsunomiya cyclo cross series,"Utsunomiya city,Tochigi Prefecture",03 Dec 2017,41066,C2,73953,66105,,,,,,,,,,,,,,,,,,,
Men Elite,Slovakia National Championships,Banovce nad Bebravou,03 Dec 2017,50553,CN,147674,117542,,,,,,,,,,,,,,,,,,,
Men Elite,Trofeo Joan Soler Copa Espana,Manlleu,06 Dec 2017,41044,C2,74017,65965,,,,,,,,,,,,,,,,,,,
Men Elite,Ciclocross del Ponte,Fae' Di Oderzo - Treviso,08 Dec 2017,40953,C2,74247,65815,,,,,,,,,,,,,,,,,,,
Men Elite,Gran Premi Les Franqueses del Valles,Les Franqueses del Valles,08 Dec 2017,41030,C2,74169,65807,,,,,,,,,,,,,,,,,,,
Men Elite,XIII Trofeo San Andres,Ametzaga de Zuia,08 Dec 2017,41043,C2,74308,65901,,,,,,,,,,,,,,,,,,,
,Czech National Championships - MJ,,,40885,CN,159038,,,,,,,,,,,,,,,,,,,,
Men Elite,DVV verzekeringen trofee - IKO cyclocross - Essen,Essen,09 Dec 2017,40910,C1,73887,66025,,,,,,,,,,,,,,,,,,,
Men Elite,North Carolina Grand Prix - Race 1,"Hendersonville, NC",09 Dec 2017,40918,C2,74280,66184,,,,,,,,,,,,,,,,,,,
Men Elite,Toi Toi Cup,Kolín,09 Dec 2017,40957,C1,74185,66019,,,,,,,,,,,,,,,,,,,
Men Elite,Japan National Championships,"Minamimaki Villge, Nagano",10 Dec 2017,41026,CN,74379,65948,,,,,,,,,,,,,,,,,,,
Men Elite,13° Trofeo di Gorizia,Gorizia,09 Dec 2017,41051,C2,74070,65870,,,,,,,,,,,,,,,,,,,
Men Elite,Resolution 'Cross Cup,"Garland (Dallas), TX",09 Dec 2017,51721,C2,159035,120286,,,,,,,,,,,,,,,,,,,
Men Elite,Vlaamse Druivencross,Overijse,10 Dec 2017,40875,C1,73834,65728,,,,,,,,,,,,,,,,,,,
Men Elite,North Carolina Grand Prix - Race 2,"Hendersonville, NC",10 Dec 2017,40919,C2,74190,66054,,,,,,,,,,,,,,,,,,,
Men Elite,Ziklo kross Igorre,Igorre,10 Dec 2017,40921,C2,73975,66164,,,,,,,,,,,,,,,,,,,
Men Elite,National Trophy Series - Bradford,Bradford,10 Dec 2017,41001,C2,74260,66035,,,,,,,,,,,,,,,,,,,
Men Elite,EKZ CrossTour,Eschenbach,10 Dec 2017,41005,C1,73830,66180,,,,,,,,,,,,,,,,,,,
Men Elite,Resolution 'Cross Cup,"Garland (Dallas), TX",10 Dec 2017,51722,C2,159038,120288,,,,,,,,,,,,,,,,,,,
Men Elite,DVV verzekeringen trofee - Scheldecross,Antwerpen,16 Dec 2017,40951,C1,74196,66146,,,,,,,,,,,,,,,,,,,
Men Elite,Cyclo-Cross Internacional Ciudad de Valencia,Valencia,17 Dec 2017,40900,C2,73993,65653,,,,,,,,,,,,,,,,,,,
Men Elite,"2017-2018 Telenet UCI Cyclo-cross World Cup, Namur",Namur,17 Dec 2017,40923,CDM,73852,65683,,,,,,,,,,,,,,,,,,,
Men Elite,Romania National Championships,Sibiu,17 Dec 2017,52593,CN,163378,124918,,,,,,,,,,,,,,,,,,,
Men Elite,Waaslandcross,Sint-Niklaas,23 Dec 2017,40908,C2,74253,66091,,,,,,,,,,,,,,,,,,,
Men Elite,Internationales Radquer Dagmersellen,Dagmersellen,26 Dec 2017,40880,C2,74027,65824,,,,,,,,,,,,,,,,,,,
Men Elite,"2017-2018 Telenet UCI Cyclo-cross World Cup, Heusden-Zolder",Heusden-Zolder,26 Dec 2017,40924,CDM,74411,66062,,,,,,,,,,,,,,,,,,,
Men Elite,DVV verzekeringen trofee - Azencross,Loenhout,28 Dec 2017,40905,C1,74167,65798,,,,,,,,,,,,,,,,,,,
Men Elite,Cyclocross Bredene,Bredene,29 Dec 2017,40904,C2,74122,65731,,,,,,,,,,,,,,,,,,,
Men Elite,Telenet Superprestige Diegem,Diegem,30 Dec 2017,40877,C1,74009,65980,,,,,,,,,,,,,,,,,,,
Men Elite,4ème manche de la Coupe de France,Flamanville,30 Dec 2017,40943,C1,74326,65809,,,,,,,,,,,,,,,,,,,
Men Elite,DVV verzekeringen trofee - GP Sven Nys,Baal,01 Jan 2018,40892,C1,74140,65895,,,,,,,,,,,,,,,,,,,
Men Elite,Grand Prix G.I.L. Immobilière,Pétange,01 Jan 2018,40931,C2,74161,65949,,,,,,,,,,,,,,,,,,,
Men Elite,EKZ CrossTour,Meilen,02 Jan 2018,41006,C1,74003,65671,,,,,,,,,,,,,,,,,,,
Men Elite,Italian National Championships,Roma,06 Jan 2018,40888,CN,74287,65768,,,,,,,,,,,,,,,,,,,
Men Elite,Austrian National Championships,St. Pölten,06 Jan 2018,41372,CN,80445,77333,,,,,,,,,,,,,,,,,,,
Men Elite,Abadinoko Udala Saria Ziklokrosa,Abadino,06 Jan 2018,50436,C2,147299,117228,,,,,,,,,,,,,,,,,,,
Men Elite,GP Leuven,Leuven,07 Jan 2018,40879,C1,74416,66150,,,,,,,,,,,,,,,,,,,
Men Elite,National Trophy Series - Ipswich,Ipswich,07 Jan 2018,40995,C2,74074,65905,,,,,,,,,,,,,,,,,,,
Men Elite,German National Championships,Bensheim,13 Jan 2018,40882,CN,74341,66039,,,,,,,,,,,,,,,,,,,
Men Elite,Spanish National Championships,Legazpi (Gipukoa),14 Jan 2018,40883,CN,74060,66167,,,,,,,,,,,,,,,,,,,
Men Elite,Belgian National Championships,Koksijde,14 Jan 2018,40884,CN,163506,124989,,,,,,,,,,,,,,,,,,,
Men Elite,Dutch National Championships,Surhuisterveen,14 Jan 2018,40886,CN,74013,65950,,,,,,,,,,,,,,,,,,,
Men Elite,Danish National Championships,Holbaek,13 Jan 2018,40890,CN,74174,65787,,,,,,,,,,,,,,,,,,,
Men Elite,Luxembourg National Championships,Kayl,13 Jan 2018,40891,CN,74407,66043,,,,,,,,,,,,,,,,,,,
Men Elite,British National Championships,"Hetton Lyons Country Park, Houghton-Le-Spring",13 Jan 2018,40911,CN,74120,66166,,,,,,,,,,,,,,,,,,,
Men Elite,Polish National Championships,Kozieglowy,13 Jan 2018,40970,CN,74274,66134,,,,,,,,,,,,,,,,,,,
Men Elite,Swiss National Championships,Steinmaur,13 Jan 2018,41003,CN,74327,65825,,,,,,,,,,,,,,,,,,,
Men Elite,French National Championships,Quelneuc,13 Jan 2018,41052,CN,74261,66037,,,,,,,,,,,,,,,,,,,
Men Elite,"Czech National Championships - ME, WE",Mlada Boleslav,13 Jan 2018,41060,CN,74402,66020,,,,,,,,,,,,,,,,,,,
Men Elite,Swedish National Championships,Göteborg,13 Jan 2018,52489,CN,162584,124091,,,,,,,,,,,,,,,,,,,
Men Elite,USA National Championships,"Reno, NV",14 Jan 2018,40887,CN,74286,65767,,,,,,,,,,,,,,,,,,,
Men Elite,Irish National Championships,Leinster,14 Jan 2018,40893,CN,73995,65621,,,,,,,,,,,,,,,,,,,
Men Elite,Croatian National Championships,Pula,14 Jan 2018,40896,CN,73940,66012,,,,,,,,,,,,,,,,,,,
Men Elite,Hungarian National Championships,,14 Jan 2018,40897,CN,74192,66204,,,,,,,,,,,,,,,,,,,
Men Elite,Portugese National Championships,Melgaço,14 Jan 2018,40999,CN,73954,66106,,,,,,,,,,,,,,,,,,,
Men Elite,Cyclocross Otegem,Otegem,15 Jan 2018,40989,C2,74349,65734,,,,,,,,,,,,,,,,,,,
Men Elite,Kasteelcross Zonnebeke,Zonnebeke,20 Jan 2018,40873,C2,74363,65647,,,,,,,,,,,,,,,,,,,
Men Elite,Grand Prix Möbel Alvisse,Leudelange,21 Jan 2018,40906,C2,74262,66044,,,,,,,,,,,,,,,,,,,
Men Elite,"2017-2018 Telenet UCI Cyclo-cross World Cup, Nommay Pays de Montbeliard",Nommay,21 Jan 2018,40926,CDM,74322,65962,,,,,,,,,,,,,,,,,,,
Men Elite,Gran Premio Città di Vittorio Veneto,Vittorio Veneto TV,21 Jan 2018,41049,C2,74278,66176,,,,,,,,,,,,,,,,,,,
Men Elite,Ciclocrosse Internacional de Valongo,Valongo,21 Jan 2018,41067,C2,73896,66045,,,,,,,,,,,,,,,,,,,
Men Elite,Internationale Cyclocross Rucphen,Rucphen,27 Jan 2018,40990,C2,73932,65668,,,,,,,,,,,,,,,,,,,
Men Elite,"2017-2018 Telenet UCI Cyclo-cross World Cup, Hoogerheide Provincie Noord-Brabant",Hoogerheide,28 Jan 2018,40925,CDM,74413,66210,,,,,,,,,,,,,,,,,,,
Men Elite,"UCI Cyclo-cross World Championships, Valkenburg",Valkenburg Province Limburg,03 Feb 2018,40930,CM,73981,65712,,,,,,,,,,,,,,,,,,,
Men Elite,Parkcross Maldegem,Maldegem,07 Feb 2018,40971,C2,74115,66151,,,,,,,,,,,,,,,,,,,
Men Elite,DVV verzekeringen trofee - Krawatencross,Lille,10 Feb 2018,40899,C1,74064,65735,,,,,,,,,,,,,,,,,,,
Men Elite,Telenet Superprestige Hoogstraten,Hoogstraten,11 Feb 2018,40876,C1,74340,66028,,,,,,,,,,,,,,,,,,,
Men Elite,Telenet Superprestige Noordzeecross Middelkerke,Middelkerke,17 Feb 2018,40912,C1,74355,65736,,,,,,,,,,,,,,,,,,,
Men Elite,Vestingcross Hulst,Hulst,18 Feb 2018,41037,C2,73956,66109,,,,,,,,,,,,,,,,,,,
Men Elite,Internationale Sluitingsprijs Oostmalle,Oostmalle,25 Feb 2018,40869,C1,73952,66094,,,,,,,,,,,,,,,,,,,
Men Elite,Chilean National Championships,Santiago de Chile,05 Aug 2018,52938,CN,165662,127125,,,,,,,,,,,,,,,,,,,
Men Elite,Australian National Championships,"Sam Miranda, King Valley Victoria",11 Aug 2018,52934,CN,165658,127121,,,,,,,,,,,,,,,,,,,
Men Elite,2018 Cyclo-Cross National Series (Round #8),"Fields of Joy CX, Essendon Fields, Victoria",25 Aug 2018,52962,C2,165664,127127,,,,,,,,,,,,,,,,,,,
Men Elite,2018 Cyclo-Cross National Series (Round #9),"Fields of Joy CX, Essendon Fields, Victoria",26 Aug 2018,52963,C2,165666,127129,,,,,,,,,,,,,,,,,,,
Men Elite,Deschutes Brewery's GO Cross,"Roanoke, VA, USA",01 Sep 2018,53012,C2,167540,127542,,,,,,,,,,,,,,,,,,,
Men Elite,Deschutes Brewery's GO Cross,"Roanoke, VA, USA",02 Sep 2018,53013,C2,167542,127544,,,,,,,,,,,,,,,,,,,
Men Elite,Qiansen trophy Aohan Station,Aohan County,02 Sep 2018,53261,C1,169382,129196,,,,,,,,,,,,,,,,,,,
Men Elite,Rochester Cyclocross,"Rochester, NY",08 Sep 2018,53326,C1,169836,129555,,,,,,,,,,,,,,,,,,,
Men Elite,Rochester Cyclocross,"Rochester, NY",09 Sep 2018,53327,C2,169838,129557,,,,,,,,,,,,,,,,,,,
Men Elite,Nittany Lion Cross,"Breinigsville , PA",15 Sep 2018,52875,C2,167536,127538,,,,,,,,,,,,,,,,,,,
Men Elite,Geraardsbergen,Geraardsbergen / Eeklo,16 Sep 2018,52797,C2,165668,127131,,,,,,,,,,,,,,,,,,,
Men Elite,Nittany Lion Cross,"Breinigsville , PA",16 Sep 2018,52876,C2,167538,127540,,,,,,,,,,,,,,,,,,,
Men Elite,EKZ CrossTour,Baden,16 Sep 2018,52894,C1,165974,127437,,,,,,,,,,,,,,,,,,,
Men Elite,RenoCross,"Reno, NV",19 Sep 2018,52836,C1,167548,127484,,,,,,,,,,,,,,,,,,,
Men Elite,Trek Cup,Waterloo Wisconsin,21 Sep 2018,52857,C2,167544,127546,,,,,,,,,,,,,,,,,,,
Men Elite,"2018-2019 Telenet UCI Cyclo-cross World Cup, Waterloo",Waterloo,23 Sep 2018,52812,CDM,167472,125647,,,,,,,,,,,,,,,,,,,
Men Elite,Radcross Illnau,Illnau,23 Sep 2018,52897,C2,165976,127439,,,,,,,,,,,,,,,,,,,
Men Elite,Jingle Cross,"Iowa City, Iowa",28 Sep 2018,52826,C2,167546,127548,,,,,,,,,,,,,,,,,,,
Men Elite,Toi Toi Cup,Unicov,28 Sep 2018,52840,C1,165793,127256,,,,,,,,,,,,,,,,,,,
Men Elite,"2018-2019 Telenet UCI Cyclo-cross World Cup, Iowa City",Jingle Cross Iowa City,29 Sep 2018,52827,CDM,167474,125649,,,,,,,,,,,,,,,,,,,
Men Elite,Grand Prix Poprad,Poprad,29 Sep 2018,52981,C1,165978,127441,,,,,,,,,,,,,,,,,,,
Men Elite,Jingle Cross,"Iowa City, Iowa",30 Sep 2018,52825,C1,167550,127486,,,,,,,,,,,,,,,,,,,
Men Elite,KMC CrossFest,"Thompson,CT",30 Sep 2018,54632,C2,173813,132995,,,,,,,,,,,,,,,,,,,
Men Elite,Cyclo-cross International de la Solidarité,Lutterbach-Pfastatt,06 Oct 2018,52764,C2,167569,127558,,,,,,,,,,,,,,,,,,,
Men Elite,Toi Toi Cup,Hlinsko,06 Oct 2018,52841,C2,165796,127259,,,,,,,,,,,,,,,,,,,
Men Elite,Berencross,Meulebeke,06 Oct 2018,52936,C2,165671,127134,,,,,,,,,,,,,,,,,,,
Men Elite,West Sacramento Cyclocross Grand Prix - WSCXGP,"West Sacramento, California",06 Oct 2018,52964,C2,167495,127497,,,,,,,,,,,,,,,,,,,
Men Elite,Charm City Cross,"Baltimore, MD",06 Oct 2018,53029,C1,167598,127587,,,,,,,,,,,,,,,,,,,
Men Elite,National Trophy Series Round 1: Derby,Derby,07 Oct 2018,52783,C2,165884,127347,,,,,,,,,,,,,,,,,,,
Men Elite,Hotondcross,Ronse - Kluisbergen,07 Oct 2018,52888,C1,165674,127137,,,,,,,,,,,,,,,,,,,
Men Elite,EKZ CrossTour,Aigle,07 Oct 2018,52935,C1,165981,127444,,,,,,,,,,,,,,,,,,,
Men Elite,West Sacramento Cyclocross Grand Prix - WSCXGP,"West Sacramento, California",07 Oct 2018,52965,C2,167497,127499,,,,,,,,,,,,,,,,,,,
Men Elite,Grand Prix Rakova,Rakova,07 Oct 2018,53001,C2,165983,127446,,,,,,,,,,,,,,,,,,,
Men Elite,Charm City Cross,"Baltimore, MD",07 Oct 2018,53030,C2,167600,127589,,,,,,,,,,,,,,,,,,,
Men Elite,Kronborg Park Cross,Helsingør,07 Oct 2018,53114,C2,168294,128119,,,,,,,,,,,,,,,,,,,
Men Elite,Bioracer International Cyclo-cross,Belfast,07 Oct 2018,53188,C2,168976,128794,,,,,,,,,,,,,,,,,,,
Men Elite,Ibaraki Cyclocross Toride Stage supported by TREK,"Nakauchi, Toride-city, Ibaraki",08 Oct 2018,52966,C2,165918,127381,,,,,,,,,,,,,,,,,,,
Men Elite,US Open of Cyclocross Day 1,"Boulder, CO",13 Oct 2018,52823,C2,167499,127501,,,,,,,,,,,,,,,,,,,
Men Elite,Toi Toi Cup,Jicin,13 Oct 2018,52844,C2,165820,127283,,,,,,,,,,,,,,,,,,,
Men Elite,CRAFT Sportsware Gran Prix of Gloucester,"Gloucester, MA USA",13 Oct 2018,53112,C2,168289,128114,,,,,,,,,,,,,,,,,,,
Men Elite,Lokeren,Lokeren,13 Oct 2018,54501,C2,172390,131831,,,,,,,,,,,,,,,,,,,
Men Elite,Estonian National Championships,Saue,13 Oct 2018,56519,CN,175898,135481,,,,,,,,,,,,,,,,,,,
Men Elite,Telenet Superprestige Cyclocross Gieten,Gieten,14 Oct 2018,52765,C1,165920,127383,,,,,,,,,,,,,,,,,,,
Men Elite,US Open of Cyclocross Day 2,"Boulder, CO",14 Oct 2018,52824,C2,167502,127504,,,,,,,,,,,,,,,,,,,
Men Elite,1ère Coupe de France Cyclo-cross,Razès - Lac de Saint Pardoux,14 Oct 2018,52991,C2,165835,127298,,,,,,,,,,,,,,,,,,,
Men Elite,CRAFT Sportsware Gran Prix of Gloucester,"Gloucester, MA USA",14 Oct 2018,53111,C2,168291,128116,,,,,,,,,,,,,,,,,,,
Men Elite,Ciclocross International Xaxancx,Marin-Pontevedra,14 Oct 2018,54628,C2,173723,132941,,,,,,,,,,,,,,,,,,,
Men Elite,Kermiscross,Ardooie,18 Oct 2018,52788,C2,165682,127145,,,,,,,,,,,,,,,,,,,
Men Elite,Grand Prix Podbrezová,Podbrezová,20 Oct 2018,52864,C2,165986,127449,,,,,,,,,,,,,,,,,,,
Men Elite,DCCX,"Washington, DC",20 Oct 2018,52923,C2,167505,127507,,,,,,,,,,,,,,,,,,,
Men Elite,Telenet Superprestige De Schorre Boom,Boom,20 Oct 2018,52931,C2,165684,127147,,,,,,,,,,,,,,,,,,,
Men Elite,Sherbrooke CX,Sherbrooke,20 Oct 2018,52986,C2,165799,127262,,,,,,,,,,,,,,,,,,,
Men Elite,Tage des Querfeldeinsports (Day of Cyclocross),Ternitz,21 Oct 2018,52898,C2,165688,127151,,,,,,,,,,,,,,,,,,,
Men Elite,Stockholm cyclocross,Stockholm,21 Oct 2018,52919,C2,165989,127452,,,,,,,,,,,,,,,,,,,
Men Elite,DCCX,"Washington, DC",21 Oct 2018,52924,C2,167507,127509,,,,,,,,,,,,,,,,,,,
Men Elite,"2018-2019 Telenet UCI Cyclo-cross World Cup, Bern",Bern,21 Oct 2018,52978,CDM,167476,125651,,,,,,,,,,,,,,,,,,,
Men Elite,Sherbrooke CX,Sherbrooke,21 Oct 2018,52987,C2,165802,127265,,,,,,,,,,,,,,,,,,,
Men Elite,Trofeo Nuovi Investimenti,Cles (TN),21 Oct 2018,54627,C2,173720,132938,,,,,,,,,,,,,,,,,,,
Men Elite,Kiremko Nacht van Woerden,Woerden,23 Oct 2018,52835,C2,165924,127387,,,,,,,,,,,,,,,,,,,
Men Elite,GP Neerpelt,Neerpelt,27 Oct 2018,52809,C2,165690,127153,,,,,,,,,,,,,,,,,,,
Men Elite,Toi Toi Cup,Slany,27 Oct 2018,52842,C1,165805,127268,,,,,,,,,,,,,,,,,,,
Men Elite,Ziklokross Laudio,Laudio-Llodio,27 Oct 2018,52939,C1,165839,127302,,,,,,,,,,,,,,,,,,,
Men Elite,Cincinnati UCI Cyclocross,"Kings Mills, Ohio",27 Oct 2018,52974,C1,167552,127488,,,,,,,,,,,,,,,,,,,
Men Elite,HPCX 1,"Jamesburg, NJ",27 Oct 2018,54468,C2,172161,131611,,,,,,,,,,,,,,,,,,,
Men Elite,Icelandic Cyclo-cross Championships,Reykjavik,27 Oct 2018,54673,CN,174288,133347,,,,,,,,,,,,,,,,,,,
Men Elite,Telenet Superprestige Ruddervoorde,Oostkamp - Ruddervoorde,28 Oct 2018,52772,C1,165693,127156,,,,,,,,,,,,,,,,,,,
Men Elite,Internationales Radquer Steinmaur,Steinmaur,28 Oct 2018,52774,C2,165998,127461,,,,,,,,,,,,,,,,,,,
Men Elite,Grand-Prix de la Commune de Contern,Contern,28 Oct 2018,52795,C2,165928,127391,,,,,,,,,,,,,,,,,,,
Men Elite,Elorrioko Basqueland Ziklokrosa,Elorrio,28 Oct 2018,52902,C1,165841,127304,,,,,,,,,,,,,,,,,,,
Men Elite,Sagae Round Tohoku CX Series,"Sagae-shi,Yamagata Prefecture",28 Oct 2018,52922,C2,165926,127389,,,,,,,,,,,,,,,,,,,
Men Elite,National Trophy Series Round 2: Irvine,Irvine,28 Oct 2018,52994,C2,165886,127349,,,,,,,,,,,,,,,,,,,
Men Elite,Munich Super Cross,München,28 Oct 2018,52995,C2,165888,127351,,,,,,,,,,,,,,,,,,,
Men Elite,Grand Prix Trnava,Trnava,28 Oct 2018,53003,C2,165995,127458,,,,,,,,,,,,,,,,,,,
Men Elite,Cincinnati UCI Cyclocross,"Kings Mills, Ohio",28 Oct 2018,53009,C2,167509,127511,,,,,,,,,,,,,,,,,,,
Men Elite,Cyclo-cross de Jablines,Jablines,28 Oct 2018,53233,C2,169364,129178,,,,,,,,,,,,,,,,,,,
Men Elite,HPCX 2,"Jamesburg, NJ",28 Oct 2018,54469,C2,172163,131613,,,,,,,,,,,,,,,,,,,
Men Elite,DVV verzekeringen trofee - Koppenbergcross,Melden - Oudenaarde,01 Nov 2018,52805,C1,165697,127160,,,,,,,,,,,,,,,,,,,
Men Elite,Ciclocross Manlleu,Manlleu,03 Nov 2018,52944,C2,165845,127308,,,,,,,,,,,,,,,,,,,
Men Elite,Silver Goose Cyclocross Festival,Midland,03 Nov 2018,52970,C2,165808,127271,,,,,,,,,,,,,,,,,,,
Men Elite,Pan-American Cyclo-cross Championships (master + elite),"Midland, ON",04 Nov 2018,52988,CC,165810,127273,,,,,,,,,,,,,,,,,,,
Men Elite,UEC Cyclo-cross European Championships,Rosmalen,03 Nov 2018,52999,CC,165931,127394,,,,,,,,,,,,,,,,,,,
Men Elite,Really Rad Festival of Cyclocross Day 1,"Falmouth, Massachusetts, USA",03 Nov 2018,53010,C2,167512,127514,,,,,,,,,,,,,,,,,,,
Men Elite,Gran Premi Internacional ciutat de Vic,Vic,04 Nov 2018,52992,C2,165849,127312,,,,,,,,,,,,,,,,,,,
Men Elite,Really Rad Festival of Cyclocross Day 2,"Falmouth, Massachusetts, USA",04 Nov 2018,53011,C2,167514,127516,,,,,,,,,,,,,,,,,,,
Men Elite,DVV verzekeringen trofee - Jaarmarktcross,Niel,10 Nov 2018,52766,C1,165701,127164,,,,,,,,,,,,,,,,,,,
Men Elite,Canadian National Championships,"Peterborough, Ontario",10 Nov 2018,52779,CN,165831,127294,,,,,,,,,,,,,,,,,,,
Men Elite,The Northampton International,"Northampton, MA",10 Nov 2018,52801,C2,167516,127518,,,,,,,,,,,,,,,,,,,
Men Elite,Toi Toi Cup,Kolin,10 Nov 2018,52843,C1,165814,127277,,,,,,,,,,,,,,,,,,,
Men Elite,Starlight-cross,Hibino Mihama-ku Chiba-city Chiba pref.,10 Nov 2018,52967,C2,165935,127398,,,,,,,,,,,,,,,,,,,
Men Elite,Telenet Superprestige Gavere,Gavere,11 Nov 2018,52768,C1,165705,127168,,,,,,,,,,,,,,,,,,,
Men Elite,The Northampton International,"Northampton, MA",11 Nov 2018,52802,C2,167518,127520,,,,,,,,,,,,,,,,,,,
Men Elite,XXVI Cyclo-cross de Karrantza,Karrantza,11 Nov 2018,52877,C2,165852,127315,,,,,,,,,,,,,,,,,,,
Men Elite,Flückiger Cross Madiswil,Madiswil,11 Nov 2018,52895,C2,167573,127562,,,,,,,,,,,,,,,,,,,
Men Elite,2ème Coupe de France Cyclo-cross,Pierric,11 Nov 2018,52927,C2,165855,127318,,,,,,,,,,,,,,,,,,,
Men Elite,PTBOCX - Lift Lock Cross,Peterborough,11 Nov 2018,52989,C2,165817,127280,,,,,,,,,,,,,,,,,,,
Men Elite,National Trophy Series Round 3: Crawley,"Ardingly, near Crawley",11 Nov 2018,52996,C2,165894,127357,,,,,,,,,,,,,,,,,,,
Men Elite,Grand Prix Kosice,Kosice,11 Nov 2018,53004,C2,166000,127463,,,,,,,,,,,,,,,,,,,
Men Elite,"2018-2019 Telenet UCI Cyclo-cross World Cup, Tabor",Tabor,17 Nov 2018,52817,CDM,167478,125653,,,,,,,,,,,,,,,,,,,
Men Elite,Rapha Supercross Nobeyama -Day 1,"Minamimaki Village, Nagano",17 Nov 2018,52920,C2,165937,127400,,,,,,,,,,,,,,,,,,,
Men Elite,Major Taylor Cross Cup,"Indy Cycloplex (Indianapolis, IND)",17 Nov 2018,52942,C2,167520,127522,,,,,,,,,,,,,,,,,,,
Men Elite,Supercross Day 1,"Suffern , NY",17 Nov 2018,52972,C2,167523,127525,,,,,,,,,,,,,,,,,,,
Men Elite,DVV verzekeringen trofee - Flandriencross,Hamme,18 Nov 2018,52789,C1,167565,127554,,,,,,,,,,,,,,,,,,,
Men Elite,EKZ CrossTour,Hittnau,18 Nov 2018,52859,C1,167575,127564,,,,,,,,,,,,,,,,,,,
Men Elite,Rapha Supercross Nobeyama -Day 2,"Minamimaki Village, Nagano",18 Nov 2018,52921,C1,165939,127402,,,,,,,,,,,,,,,,,,,
Men Elite,Gran Premi Les Franqueses,Les Franqueses,18 Nov 2018,52932,C2,165859,127322,,,,,,,,,,,,,,,,,,,
Men Elite,Major Taylor Cross Cup,"Indy Cycloplex (Indianapolis, IND)",18 Nov 2018,52945,C2,167525,127527,,,,,,,,,,,,,,,,,,,
Men Elite,Supercross Day 2,"Suffern , NY",18 Nov 2018,52973,C2,167528,127530,,,,,,,,,,,,,,,,,,,
Men Elite,Norwegian National Championships,Bergen,18 Nov 2018,56521,CN,175914,135497,,,,,,,,,,,,,,,,,,,
Men Elite,Ambiancecross,Wachtebeke (Provinciaal Domein Puyenbroeck),24 Nov 2018,52982,C2,165709,127172,,,,,,,,,,,,,,,,,,,
Men Elite,Grand Prix Topolcianky,Topolcianky,24 Nov 2018,53005,C2,166003,127466,,,,,,,,,,,,,,,,,,,
Men Elite,"2018-2019 Telenet UCI Cyclo-cross World Cup, Koksijde",Koksijde,25 Nov 2018,52813,CDM,167480,125655,,,,,,,,,,,,,,,,,,,
Men Elite,KANSAI Cyclo Cross Makino Round,Takashima City Shiga Prefecture,25 Nov 2018,52905,C2,165941,127404,,,,,,,,,,,,,,,,,,,
Men Elite,International Cyclocross Selle SMP -10° Trof.Cop.ed.Brugherio82,Brugherio,25 Nov 2018,52928,C2,165898,127361,,,,,,,,,,,,,,,,,,,
Men Elite,National Trophy Series Round 4: York,York,25 Nov 2018,52997,C2,165896,127359,,,,,,,,,,,,,,,,,,,
Men Elite,GP Hasselt,Hasselt,01 Dec 2018,52819,C2,165712,127175,,,,,,,,,,,,,,,,,,,
Men Elite,Abadiñoko udala saria,Abadiano,01 Dec 2018,52979,C2,165877,127340,,,,,,,,,,,,,,,,,,,
Men Elite,Resolution 'Cross Cup,Garland (Dallas) Texas,01 Dec 2018,53032,C2,167602,127591,,,,,,,,,,,,,,,,,,,
Men Elite,NBX GP of Cross 1,warwick,01 Dec 2018,54502,C1,172394,131835,,,,,,,,,,,,,,,,,,,
Men Elite,Lampiris Zilvermeercross,Mol,02 Dec 2018,52918,C2,165715,127178,,,,,,,,,,,,,,,,,,,
Men Elite,Trofeo San Andrés,Ametzaga-Zuia,02 Dec 2018,52943,C2,165862,127325,,,,,,,,,,,,,,,,,,,
Men Elite,Radcross Grandprix,Bensheim,02 Dec 2018,52998,C2,165908,127371,,,,,,,,,,,,,,,,,,,
Men Elite,Slovak national championships,Banska Bystrica,02 Dec 2018,53006,CN,166006,127469,,,,,,,,,,,,,,,,,,,
Men Elite,Resolution 'Cross Cup,Garland (Dallas) Texas,02 Dec 2018,53031,C2,167604,127593,,,,,,,,,,,,,,,,,,,
Men Elite,NBX GP of Cross 2,warwick,02 Dec 2018,54503,C2,172396,131837,,,,,,,,,,,,,,,,,,,
Men Elite,IKO cyclocross - Essen,Essen,08 Dec 2018,52798,C1,165719,127182,,,,,,,,,,,,,,,,,,,
Men Elite,North Carolina Grand Prix - Race 1,"Hendersonville, NC",08 Dec 2018,52807,C2,167530,127532,,,,,,,,,,,,,,,,,,,
Men Elite,Ciclocross del Ponte,Fae' Di Oderzo - Treviso,08 Dec 2018,52834,C2,165901,127364,,,,,,,,,,,,,,,,,,,
Men Elite,Toi Toi Cup,Jabkenice,08 Dec 2018,52845,C2,165823,127286,,,,,,,,,,,,,,,,,,,
Men Elite,Ruts 'n' Guts 1,"Broken Arrow, klahoma",08 Dec 2018,52925,C1,167555,127491,,,,,,,,,,,,,,,,,,,
Men Elite,Troyes Cyclocross International,Troyes,08 Dec 2018,53234,C2,169361,129175,,,,,,,,,,,,,,,,,,,
Men Elite,Vlaamse Druivencross,Overijse,09 Dec 2018,52769,C1,165723,127186,,,,,,,,,,,,,,,,,,,
Men Elite,National Trophy Series Round 5: Ipswich,Ipswich,09 Dec 2018,52896,C2,165904,127367,,,,,,,,,,,,,,,,,,,
Men Elite,EKZ CrossTour,Eschenbach,09 Dec 2018,52904,C1,166012,127475,,,,,,,,,,,,,,,,,,,
Men Elite,Ruts 'n' Guts 2,"Broken Arrow,Oklahoma",09 Dec 2018,52926,C2,167532,127534,,,,,,,,,,,,,,,,,,,
Men Elite,Japanese National Championships,"Takashima City, Shiga Prefecture",09 Dec 2018,52930,CN,165944,127407,,,,,,,,,,,,,,,,,,,
Men Elite,13° Trofeo di Gorizia,Gorizia,09 Dec 2018,53117,C2,168303,128128,,,,,,,,,,,,,,,,,,,
Men Elite,DVV verzekeringen trofee - Scheldecross,Antwerpen,15 Dec 2018,52832,C1,165727,127190,,,,,,,,,,,,,,,,,,,
Men Elite,Toi Toi Cup,Mlada Boleslav,15 Dec 2018,52846,C1,165827,127290,,,,,,,,,,,,,,,,,,,
Men Elite,Utsunomiya Cyclo Cross Day1,"Utsunomiya city, Tochigi prefecture",15 Dec 2018,52968,C2,165948,127411,,,,,,,,,,,,,,,,,,,
,Czech National Cyclo-Cross Championships - MJ,,,52990,CN,165948,,,,,,,,,,,,,,,,,,,,
Men Elite,Ciclo-cross Ciudad de Xativa,Xativa,15 Dec 2018,53115,C2,171495,131051,,,,,,,,,,,,,,,,,,,
Men Elite,Telenet Superprestige Zonhoven,Zonhoven,16 Dec 2018,52828,C1,165731,127194,,,,,,,,,,,,,,,,,,,
Men Elite,Gran Premio Città di Vittorio Veneto,Vittorio Veneto TV,16 Dec 2018,52952,C2,165915,127378,,,,,,,,,,,,,,,,,,,
Men Elite,Utsunomiya Cyclo Cross Day2,"Utsunomiya city, Tochigi prefecture",16 Dec 2018,52969,C2,165950,127413,,,,,,,,,,,,,,,,,,,
Men Elite,USA National Championships,"Louisville, KY, USA",16 Dec 2018,53008,CN,167557,127493,,,,,,,,,,,,,,,,,,,
Men Elite,Int. Radquerfeldein GP Lambach/Stadl-Paura,Pferdezentrum Stadl-Paura,16 Dec 2018,53116,C2,168301,128126,,,,,,,,,,,,,,,,,,,
Men Elite,Waaslandcross,Sint-Niklaas,22 Dec 2018,52796,C2,165735,127198,,,,,,,,,,,,,,,,,,,
Men Elite,Romania National Championships,Sibiu,22 Dec 2018,52804,CN,166018,127481,,,,,,,,,,,,,,,,,,,
Men Elite,"2018-2019 Telenet UCI Cyclo-cross World Cup, Namur",Namur,23 Dec 2018,52814,CDM,167482,125657,,,,,,,,,,,,,,,,,,,
Men Elite,"2018-2019 Telenet UCI Cyclo-cross World Cup, Heusden-Zolder",Heusden-Zolder,26 Dec 2018,52815,CDM,167484,125659,,,,,,,,,,,,,,,,,,,
Men Elite,Cross-Race / Pfaffnau GP Luzern,Pfaffnau,26 Dec 2018,52940,C2,166014,127477,,,,,,,,,,,,,,,,,,,
Men Elite,DVV verzekeringen trofee - Azencross,Loenhout,28 Dec 2018,52791,C1,165738,127201,,,,,,,,,,,,,,,,,,,
Men Elite,Cyclocross Bredene,Bredene,29 Dec 2018,52790,C2,165742,127205,,,,,,,,,,,,,,,,,,,
Men Elite,Telenet Superprestige Diegem,Diegem,30 Dec 2018,52771,C1,165745,127208,,,,,,,,,,,,,,,,,,,
Men Elite,3ème Coupe de France Cyclo-cross,Flamanville,30 Dec 2018,52820,C2,165873,127336,,,,,,,,,,,,,,,,,,,
Men Elite,DVV verzekeringen trofee - GP Sven Nys,Baal,01 Jan 2019,52781,C1,165749,127212,,,,,,,,,,,,,,,,,,,
Men Elite,Grand Prix Garage Collé,Pétange,01 Jan 2019,52818,C2,165952,127415,,,,,,,,,,,,,,,,,,,
Men Elite,EKZ CrossTour,Meilen,02 Jan 2019,52903,C1,166016,127479,,,,,,,,,,,,,,,,,,,
Men Elite,Cyclocross Gullegem,Gullegem,05 Jan 2019,52983,C2,165753,127216,,,,,,,,,,,,,,,,,,,
Men Elite,National Trophy Series Round 6: Shrewsbury,Shrewsbury,06 Jan 2019,52784,C2,165906,127369,,,,,,,,,,,,,,,,,,,
Men Elite,Cyclo-cross La Meziere,La Meziere,06 Jan 2019,52915,C1,165880,127343,,,,,,,,,,,,,,,,,,,
Men Elite,DVV verzekeringen trofee - Brussels Universities Cyclocross,Brussels,06 Jan 2019,54672,C2,174276,133342,,,,,,,,,,,,,,,,,,,
Men Elite,Spanish National Championships,Pontevedra,11 Jan 2019,53035,CN,167614,127603,,,,,,,,,,,,,,,,,,,
Men Elite,German National Championships,Kleinmachnow,12 Jan 2019,52775,CN,165911,127374,,,,,,,,,,,,,,,,,,,
Men Elite,Belgian National Championships,Kruibeke,13 Jan 2019,52776,CN,165760,127223,,,,,,,,,,,,,,,,,,,
Men Elite,Dutch National Championships,Huijbergen,12 Jan 2019,52777,CN,165959,127422,,,,,,,,,,,,,,,,,,,
Men Elite,Italian National Championships,MILANO - IDROSCALO,12 Jan 2019,52778,CN,169776,129509,,,,,,,,,,,,,,,,,,,
Men Elite,Luxembourg National Championships,Brouch,12 Jan 2019,52780,CN,165955,127418,,,,,,,,,,,,,,,,,,,
Men Elite,British National Championships,"Cyclopark, Gravesend",12 Jan 2019,52799,CN,176121,135704,,,,,,,,,,,,,,,,,,,
Men Elite,"Czech National Championships - ME, WE",Hole Vrchy,12 Jan 2019,52971,CN,165829,127292,,,,,,,,,,,,,,,,,,,
Men Elite,Portugese National Championships,Marrazes - Leiria,12 Jan 2019,53113,CN,168296,128121,,,,,,,,,,,,,,,,,,,
Men Elite,French National Championships,Besançon,12 Jan 2019,54443,CN,171900,131368,,,,,,,,,,,,,,,,,,,
Men Elite,Austrian National Championships,Wien,12 Jan 2019,54661,CN,174144,133237,,,,,,,,,,,,,,,,,,,
Men Elite,Irish National Championships,Munster,12 Jan 2019,54675,CN,174294,133353,,,,,,,,,,,,,,,,,,,
Men Elite,Polish National Championships,Strzelce Krajenskie,12 Jan 2019,54689,CN,174526,133572,,,,,,,,,,,,,,,,,,,
Men Elite,Swedish National Championships,Varberg,12 Jan 2019,56518,CN,175902,135485,,,,,,,,,,,,,,,,,,,
Men Elite,Danish National Championships,Odense,13 Jan 2019,54674,CN,174289,133348,,,,,,,,,,,,,,,,,,,
Men Elite,Swiss National Championships,Sion,13 Jan 2019,54677,CN,174367,133426,,,,,,,,,,,,,,,,,,,
Men Elite,Finnish National Championships,Lieto,13 Jan 2019,56522,CN,175911,135494,,,,,,,,,,,,,,,,,,,
Men Elite,Croatian national championships,Pula,13 Jan 2019,56523,CN,176261,135867,,,,,,,,,,,,,,,,,,,
Men Elite,Hungarian national championships,Miskolc,13 Jan 2019,56524,CN,176264,135870,,,,,,,,,,,,,,,,,,,
Men Elite,Cyclocross Otegem,Otegem,14 Jan 2019,52886,C2,165764,127227,,,,,,,,,,,,,,,,,,,
Men Elite,Grand Prix Möbel Alvisse,Leudelange,20 Jan 2019,52794,C2,165963,127426,,,,,,,,,,,,,,,,,,,
Men Elite,"2018-2019 Telenet UCI Cyclo-cross World Cup, Pont-Château",Pont-Château,20 Jan 2019,52821,CDM,167486,125661,,,,,,,,,,,,,,,,,,,
Men Elite,ZAO-sama Cup Tohoku CX Series,Zao,20 Jan 2019,53000,C2,167571,127560,,,,,,,,,,,,,,,,,,,
Men Elite,Kasteelcross Zonnebeke,Zonnebeke,26 Jan 2019,52767,C2,165766,127229,,,,,,,,,,,,,,,,,,,
Men Elite,Internationale Cyclocross Rucphen,Rucphen,26 Jan 2019,52887,C2,165966,127429,,,,,,,,,,,,,,,,,,,
Men Elite,"2018-2019 Telenet UCI Cyclo-cross World Cup, Hoogerheide Provincie Noord-Brabant",Hoogerheide,27 Jan 2019,52816,CDM,167488,125663,,,,,,,,,,,,,,,,,,,
Men Elite,UCI Cyclo-cross World Championships,Bogense,02 Feb 2019,52810,CM,167490,125665,,,,,,,,,,,,,,,,,,,
Men Elite,Parkcross Maldegem,Maldegem,06 Feb 2019,52858,C2,165769,127232,,,,,,,,,,,,,,,,,,,
Men Elite,DVV verzekeringen trofee - Krawatencross,Lille,09 Feb 2019,52785,C1,165771,127234,,,,,,,,,,,,,,,,,,,
Men Elite,Telenet Superprestige Hoogstraten,Hoogstraten,10 Feb 2019,52770,C1,165775,127238,,,,,,,,,,,,,,,,,,,
Men Elite,Telenet Superprestige Noordzeecross Middelkerke,Middelkerke,16 Feb 2019,52800,C1,165779,127242,,,,,,,,,,,,,,,,,,,
Men Elite,Vestingcross Hulst,Hulst,17 Feb 2019,52937,C2,165970,127433,,,,,,,,,,,,,,,,,,,
Men Elite,GP Leuven,Leuven,23 Feb 2019,52773,C1,165757,127220,,,,,,,,,,,,,,,,,,,
Men Elite,Internationale Sluitingsprijs Oostmalle,Oostmalle,24 Feb 2019,52763,C1,165783,127246,,,,,,,,,,,,,,,,,,,
Men Elite,Australian National Championships,"Sam Miranda, King Valley Victoria",10 Aug 2019,57954,CN,190897,141507,,,,,,,,,,,,,,,,,,,
Men Elite,New Zealand National Championships,Christchurch,11 Aug 2019,58318,CN,194182,145367,,,,,,,,,,,,,,,,,,,
Men Elite,Melbourne Grand Prix of Cyclo-Cross,"Melbourne, Victoria",17 Aug 2019,57955,C2,190879,141501,,,,,,,,,,,,,,,,,,,
Men Elite,Melbourne Grand Prix of Cyclo-Cross,"Melbourne, Victoria",18 Aug 2019,57956,C2,190819,141504,,,,,,,,,,,,,,,,,,,
Men Elite,Virginia's Blue Ridge GO Cross,"Roanoke, VA, USA",31 Aug 2019,57941,C2,207813,152549,,,,,,,,,,,,,,,,,,,
Men Elite,Virginia's Blue Ridge GO Cross,"Roanoke, VA, USA",01 Sep 2019,57943,C2,207639,152552,,,,,,,,,,,,,,,,,,,
Men Elite,Qiansen trophy Aohan Station,Aohan County,01 Sep 2019,58290,C1,193936,145111,,,,,,,,,,,,,,,,,,,
Men Elite,Rochester Cyclocross,"Rochester, NY",07 Sep 2019,58037,C1,207933,152555,,,,,,,,,,,,,,,,,,,
Men Elite,Qiansen Trophy Fengfeng Station,Fengfeng Station,07 Sep 2019,58291,C1,193939,145113,,,,,,,,,,,,,,,,,,,
Men Elite,cross Eeklo,Eeklo,08 Sep 2019,57944,C2,207972,152561,parkland,sunny,16,14,dry_grass,tacky_mud,1,5,5,1,,,1,1,0,0,1,0,12
Men Elite,Rochester Cyclocross,"Rochester, NY",08 Sep 2019,58038,C2,207904,152558,,,,,,,,,,,,,,,,,,,
Men Elite,Jingle Cross,"Iowa City, Iowa",13 Sep 2019,57945,C2,207751,152564,,,,,dry_grass,hardpack,4,0,1,4,,,1,2,2,0,1,0,
Men Elite,"2019-2020 Telenet UCI Cyclo-cross World Cup, Iowa City",Iowa City,14 Sep 2019,57741,CDM,190853,141404,parkland,sunny,23,24,dry_grass,hardpack,4,0,1,4,,,1,2,1,1,1,0,10
Men Elite,Jingle Cross,"Iowa City, Iowa",15 Sep 2019,57946,C1,207687,152566,,,,,dry_grass,hardpack,4,0,1,4,,,1,2,1,1,1,0,
Men Elite,Trek Cup,Waterloo Wisconsin,20 Sep 2019,57948,C2,207695,152569,,,,,,,,,,,,,,,,,,,
Men Elite,"2019-2020 Telenet UCI Cyclo-cross World Cup, Waterloo",Waterloo,22 Sep 2019,57740,CDM,190745,141406,parkland,light_rain,21,17,loose_mud,heavy_mud,0,3,8,1,4,3,6,2,0,0,0,0,10
Men Elite,Cyclo-cross de Boulzicourt Ardennes,Boulzicourt,22 Sep 2019,57949,C2,207943,152572,,,,,,,,,,,,,,,,,,,
Men Elite,National Trophy Series Round 1: Derby,Derby,22 Sep 2019,57950,C2,207765,152575,,,,,,,,,,,,,,,,,,,
Men Elite,Radcross Illnau,Illnau,22 Sep 2019,57962,C2,207820,152954,,,,,,,,,,,,,,,,,,,
Men Elite,Toi Toi Cup,Mlada Boleslav,28 Sep 2019,57951,C1,207774,152578,,,,,,,,,,,,,,,,,,,
Men Elite,Chazal Cup Vittel,Vittel,28 Sep 2019,58387,C2,202048,149210,,,,,,,,,,,,,,,,,,,
Men Elite,Chilean National Championships,Campeonato Nacional CX,29 Sep 2019,57953,CN,190857,141488,,,,,,,,,,,,,,,,,,,
Men Elite,Grand Prix Poprad,Poprad,29 Sep 2019,58036,C1,190693,142039,,,,,,,,,,,,,,,,,,,
Men Elite,Canyon Cross Race,Vittel,29 Sep 2019,58388,C2,202362,149274,,,,,,,,,,,,,,,,,,,
Men Elite,Berencross,Meulebeke,05 Oct 2019,57804,C2,207859,152584,parkland,light_rain,13,11,tacky_mud,,0,4,3,2,1,0,0,1,0,0,1,1,10
Men Elite,Toi Toi Cup,Hlinsko,05 Oct 2019,57836,C2,207929,152680,,,,,,,,,,,,,,,,,,,
Men Elite,FayetteCross,Fayetteville Arkansas,05 Oct 2019,57882,C2,207844,152740,woodland,sunny,26,13,hardpack,dry_grass,4,0,3,0,1,0,0,1,1,1,0,0,9
Men Elite,GP Pelt,Pelt,06 Oct 2019,57811,C2,208002,152604,,,,,,,,,,,,,,,,,,,
Men Elite,EKZ CrossTour,Aigle,06 Oct 2019,57849,C1,207887,152722,,,,,,,,,,,,,,,,,,,
Men Elite,National Trophy Series Round 2: Milnthorpe,"Milnthorpe, Cumbria",06 Oct 2019,57875,C2,207735,152692,,,,,,,,,,,,,,,,,,,
Men Elite,FayetteCross,Fayetteville Arkansas,06 Oct 2019,57883,C2,207930,152749,woodland,medium_rain,19,19,loose_mud,heavy_mud,4,0,3,0,1,2,0,1,1,1,0,0,5
Men Elite,Grand Prix Rakova,Rakova,06 Oct 2019,58039,C2,190810,142042,,,,,,,,,,,,,,,,,,,
Men Elite,Polderscross,Kruibeke,12 Oct 2019,57806,C2,208006,152590,,,,,,,,,,,,,,,,,,,
Men Elite,Toi Toi Cup,Holé Vrchy,12 Oct 2019,57837,C2,207656,152683,,,,,,,,,,,,,,,,,,,
Men Elite,Estonian National Championships,Suure-Jaani,12 Oct 2019,57840,CN,208008,152689,,,,,,,,,,,,,,,,,,,
Men Elite,Charm City Cross,"Baltimore, MD",12 Oct 2019,57858,C2,207948,152755,,,,,,,,,,,,,,,,,,,
Men Elite,US Open of Cyclocross Day 1,"Boulder, CO",12 Oct 2019,58276,C2,207663,152752,,,,,,,,,,,,,,,,,,,
Men Elite,Charm City Cross,"Baltimore, MD",13 Oct 2019,57859,C2,207963,152758,,,,,,,,,,,,,,,,,,,
Men Elite,Internationales Radquer Steinmaur,Steinmaur,13 Oct 2019,57891,C2,207947,152830,,,,,,,,,,,,,,,,,,,
Men Elite,Telenet Superprestige Gieten,Gieten,13 Oct 2019,57895,C1,208005,152836,lakeside,medium_rain,18,15,loose_mud,lake_sand,4,1,3,0,1,2,0,1,4,0,0,0,10
Men Elite,Grand Prix Trnava,Trnava,13 Oct 2019,58041,C2,210128,154945,,,,,,,,,,,,,,,,,,,
Men Elite,1ere manche de Coupe de France Cyclo-cross,La Meziere,13 Oct 2019,58092,C2,190931,142432,,,,,,,,,,,,,,,,,,,
Men Elite,US Open of Cyclocross Day 2,"Boulder, CO",13 Oct 2019,58277,C2,207976,152761,,,,,,,,,,,,,,,,,,,
Men Elite,Kermiscross,Ardooie,17 Oct 2019,57808,C2,207802,152596,,,,,,,,,,,,,,,,,,,
Men Elite,Telenet Superprestige De Schorre Boom,Boom,19 Oct 2019,57809,C2,208012,152598,parkland,overcast,14,15,heavy_mud,tacky_mud,6,1,3,2,0,1,0,1,2,2,1,0,8
Men Elite,DCCX,"Washington, DC",19 Oct 2019,57861,C2,208015,152764,,,,,,,,,,,,,,,,,,,
Men Elite,CX Täby Park,Täby Park,19 Oct 2019,57889,C2,207968,152812,,,,,,,,,,,,,,,,,,,
Men Elite,"2019-2020 Telenet UCI Cyclo-cross World Cup, Bern",Bern,20 Oct 2019,57742,CDM,190886,141408,parkland,cloudy,14,11,tacky_mud,heavy_mud,3,1,1,2,0,3,,3,3,0,0,0,5
Men Elite,Tage des Querfeldeinsports (Day of Cyclocross),Ternitz,20 Oct 2019,57810,C2,207936,152601,,,,,,,,,,,,,,,,,,,
Men Elite,Stockholm cyclocross,Stockholm,20 Oct 2019,57850,C2,207950,152725,,,,,,,,,,,,,,,,,,,
Men Elite,DCCX,"Washington, DC",20 Oct 2019,57864,C2,207773,152767,,,,,,,,,,,,,,,,,,,
Men Elite,Il Melo Cup,Cles (TN),20 Oct 2019,58697,C2,208302,153143,,,,,,,,,,,,,,,,,,,
Men Elite,Kiremko Nacht van Woerden,Woerden,22 Oct 2019,57847,C2,207867,152716,,,,,,,,,,,,,,,,,,,
Men Elite,Beringen,Beringen,26 Oct 2019,57820,C2,207917,152631,trail_centre,sunny,19,5,dusty_loose,dry_grass,8,1,4,2,0,0,0,0,1,2,0,0,10
Men Elite,Cincinnati UCI Cyclocross - Kingswood Park,"Mason, Ohio, USA",26 Oct 2019,57865,C1,207942,152770,,,,,,,,,,,,,,,,,,,
Men Elite,Ziklokross Laudio,Laudio-Llodio,26 Oct 2019,57885,C1,207836,152815,,,,,,,,,,,,,,,,,,,
Men Elite,Grand Prix Podbrezová,Podbrezová,26 Oct 2019,58040,C1,190729,142045,,,,,,,,,,,,,,,,,,,
Men Elite,Russian National Championships,Izhevsk,26 Oct 2019,58572,CN,206605,151703,,,,,,,,,,,,,,,,,,,
Men Elite,Telenet Superprestige Gavere,Gavere,27 Oct 2019,57813,C1,207631,152610,woodland,sunny,11,14,tacky_mud,,7,1,3,1,0,1,1,0,1,2,0,0,10
Men Elite,National Trophy Series Round 3: Irvine,Irvine,27 Oct 2019,57841,C2,207707,152695,,,,,,,,,,,,,,,,,,,
Men Elite,Cincinnati UCI Cyclocross - Kingswood Park,"Mason, Ohio USA",27 Oct 2019,57866,C2,207858,152779,,,,,,,,,,,,,,,,,,,
Men Elite,Lithuanian National Championships,Panevezys,27 Oct 2019,57880,CN,207890,152719,,,,,,,,,,,,,,,,,,,
Men Elite,Grand-Prix de la Commune de Contern,Contern,27 Oct 2019,57886,C2,207852,152818,,,,,,,,,,,,,,,,,,,
Men Elite,Elorrioko Basqueland Ziklokrosa,Elorrio,27 Oct 2019,57887,C1,207989,152821,,,,,,,,,,,,,,,,,,,
Men Elite,Munich Super Cross,München,27 Oct 2019,57893,C1,207827,152833,,,,,,,,,,,,,,,,,,,
Men Elite,Grand Prix Topolcianky,Topolcianky,27 Oct 2019,58043,C1,190681,142048,,,,,,,,,,,,,,,,,,,
Men Elite,Sagae Round Tohoku CX Series,"Sagae-shi,Yamagata Prefecture",27 Oct 2019,58076,C2,207941,152842,,,,,,,,,,,,,,,,,,,
Men Elite,HPCX,"Jamesburg, NJ",27 Oct 2019,58315,C2,207729,152776,,,,,,,,,,,,,,,,,,,
Men Elite,Toi Toi Cup,Slany,28 Oct 2019,57838,C1,207790,152686,,,,,,,,,,,,,,,,,,,
Men Elite,DVV Verzekeringen trofee Koppenbergcross,Melden - Oudenaarde,01 Nov 2019,57812,C1,207891,152607,parkland,medium_rain,11,18,loose_mud,cobbles,8,2,2,6,0,1,1,0,2,1,0,3,7
Men Elite,Gran Premi Les Franqueses,Les Franqueses,01 Nov 2019,57907,C2,208022,152869,,,,,,,,,,,,,,,,,,,
Men Elite,GP Citta Di Jesolo,Jesolo,01 Nov 2019,58461,C2,205131,150604,,,,,,,,,,,,,,,,,,,
Men Elite,Canadian National Championships,"Peterborough, Ontario",02 Nov 2019,57839,CN,190766,141510,,,,,,,,,,,,,,,,,,,
Men Elite,Really Rad Festival of Cyclocross Day 1,"Falmouth, Massachusetts, USA",02 Nov 2019,57867,C2,207681,152782,,,,,,,,,,,,,,,,,,,
Men Elite,Ciclocross Manlleu,Manlleu,02 Nov 2019,57926,C2,207958,152924,,,,,,,,,,,,,,,,,,,
Men Elite,Really Rad Festival of Cyclocross Day 2,"Falmouth, Massachusetts, USA",03 Nov 2019,57868,C2,207855,152785,,,,,,,,,,,,,,,,,,,
Men Elite,November Cross,Micasasa,03 Nov 2019,57881,C2,207940,152728,,,,,,,,,,,,,,,,,,,
Men Elite,Yowamushi-Pedal Makuhari Cross p/b Champion System,"Makuhari, Chiba",03 Nov 2019,57897,C2,207668,152845,,,,,,,,,,,,,,,,,,,
Men Elite,Gran Premi Internacional Ciutat de Vic,Vic,03 Nov 2019,57908,C2,207919,152872,,,,,,,,,,,,,,,,,,,
Men Elite,Telenet Superprestige Ruddervoorde,Oostkamp - Ruddervoorde,03 Nov 2019,57925,C1,208036,152921,parkland,overcast,11,7,loose_mud,thick_mud,0,7,7,3,1,3,1,1,0,0,1,2,8
Men Elite,PTBOCX,"Peterborough, Ontario",03 Nov 2019,57927,C2,207757,152927,,,,,,,,,,,,,,,,,,,
Men Elite,2eme manche de Coupe de France Cyclo-cross,Andrezieux-Boutheon,03 Nov 2019,57977,C2,207991,152827,,,,,,,,,,,,,,,,,,,
Men Elite,Pan-American Championships,"Midland, Ontario",10 Nov 2019,57913,CC,207865,152890,,,,,,,,,,,,,,,,,,,
Men Elite,Silver Goose Cyclocross Festival,"Midland, Ontario",09 Nov 2019,57928,C2,207689,152930,,,,,,,,,,,,,,,,,,,
Men Elite,The Northampton International,"Northampton, MA",09 Nov 2019,57929,C2,207861,152933,,,,,,,,,,,,,,,,,,,
Men Elite,UEC Cyclo-cross European Championships,Silvelle,10 Nov 2019,57957,CC,190791,141539,,,,,tacky_mud,heavy_mud,,,,,,,,,,,,,
Men Elite,National Trophy Series Round 4: Crawley,"Ardingly, near Crawley",10 Nov 2019,57843,C2,207916,152698,,,,,,,,,,,,,,,,,,,
Men Elite,Cyclo-cross de Karrantza,Karrantza,10 Nov 2019,57909,C2,208032,152875,,,,,,,,,,,,,,,,,,,
Men Elite,The Northampton International,"Northampton, MA",10 Nov 2019,57930,C2,207910,152936,,,,,,,,,,,,,,,,,,,
Men Elite,Jaarmarktcross,Niel,11 Nov 2019,57814,C1,207928,152613,urban,heavy_rain,6,15,loose_mud,tarmac,0,0,3,4,0,1,2,1,0,0,1,0,6
Men Elite,"2019-2020 Telenet UCI Cyclo-cross World Cup, Tabor",Tabor,16 Nov 2019,57743,CDM,190793,141410,,,,,,,,,,,,,,,,,,,
Men Elite,Supercross Day 1,"Suffern , NY",16 Nov 2019,57869,C2,207843,152788,,,,,,,,,,,,,,,,,,,
Men Elite,Major Taylor Cross Cup,"Indy Cycloplex (Indianapolis, IND)",16 Nov 2019,57870,C2,207715,152791,,,,,,,,,,,,,,,,,,,
Men Elite,DVV Verzekeringen trofee Flandriencross,Hamme,17 Nov 2019,57815,C1,208011,152616,woodland,sunny,8,7,tacky_mud,tarmac,1,5,6,2,2,0,1,1,1,0,0,1,9
Men Elite,EKZ CrossTour,Hittnau,17 Nov 2019,57851,C1,207711,152731,,,,,,,,,,,,,,,,,,,
Men Elite,Major Taylor Cross Cup,"Indy Cycloplex (Indianapolis, IND)",17 Nov 2019,57871,C2,207682,152794,,,,,,,,,,,,,,,,,,,
Men Elite,Supercross Day 2,"Suffern , NY",17 Nov 2019,57872,C2,207889,152797,,,,,,,,,,,,,,,,,,,
Men Elite,40th anniversary of the World memorial ciclocross Saccolongo,Saccolongo PD,17 Nov 2019,57876,C2,207987,152701,,,,,,,,,,,,,,,,,,,
Men Elite,KANSAI Cyclo Cross Makino Round,Takashima City Shiga Prefecture,17 Nov 2019,57898,C2,207662,152848,,,,,,,,,,,,,,,,,,,
Men Elite,Norwegian National Championships,Spikkestad,17 Nov 2019,58537,CN,206260,151424,,,,,,,,,,,,,,,,,,,
Men Elite,Ambiancecross,Wachtebeke (Provinciaal Domein Puyenbroeck),23 Nov 2019,57816,C1,207824,152619,,,,,,,,,,,,,,,,,,,
Men Elite,Rapha Supercross Nobeyama,"Minamimaki Village, Nagano",23 Nov 2019,57899,C1,207775,152851,,,,,,,,,,,,,,,,,,,
Men Elite,North Carolina Grand Prix - Race 1,"Hendersonville, NC",23 Nov 2019,57931,C2,207632,152939,,,,,,,,,,,,,,,,,,,
Men Elite,Grand Prix Kosice,Kosice,23 Nov 2019,58042,C2,190775,142051,,,,,,,,,,,,,,,,,,,
Men Elite,"2019-2020 Telenet UCI Cyclo-cross World Cup, Koksijde",Koksijde,24 Nov 2019,57744,CDM,190744,141427,dunes,misty,8,11,builders_sand,tacky_mud,2,2,5,1,0,4,3,0,2,0,6,0,8
Men Elite,National Trophy Series Round 5: Pembrey,Pembrey Country Park,24 Nov 2019,57877,C2,207719,152704,,,,,,,,,,,,,,,,,,,
Men Elite,Bryksy Cross Gościęcin,Gościęcin,24 Nov 2019,57923,C2,207712,152915,,,,,,,,,,,,,,,,,,,
Men Elite,North Carolina Grand Prix - Race 2,"Hendersonville, NC",24 Nov 2019,57932,C2,207906,152942,,,,,,,,,,,,,,,,,,,
Men Elite,Toi Toi Cup,Kolin,30 Nov 2019,57888,C2,207772,152824,,,,,,,,,,,,,,,,,,,
Men Elite,Ruts 'n' Guts 1,"Broken Arrow, klahoma",30 Nov 2019,57914,C2,207770,152895,,,,,,,,,,,,,,,,,,,
Men Elite,GRAN PREMIO GUERCIOTTI,Milano,30 Nov 2019,58658,C2,207363,152365,,,,,,,,,,,,,,,,,,,
Men Elite,Abadiñoko udala saria,Abadiano,30 Nov 2019,58696,C2,208301,153140,,,,,,,,,,,,,,,,,,,
Men Elite,DVV Verzekeringen trofee Kortrijk,Kortrijk,30 Nov 2019,59129,C2,210087,154903,urban,sunny,9,11,tacky_mud,heavy_mud,2,4,1,3,3,1,1,1,2,0,1,1,9
Men Elite,Lampiris Zilvermeercross,Mol,01 Dec 2019,57818,C1,207872,152625,,,,,,,,,,,,,,,,,,,
Men Elite,International Ciclocross selle SMP-11°Trof.Cop.ed.Brugherio82,Brugherio (MB),01 Dec 2019,57878,C2,207798,152707,,,,,,,,,,,,,,,,,,,
Men Elite,Cyclo cross du Mingant Lanarvily,Lanarvily,01 Dec 2019,57924,C2,208027,152918,,,,,,,,,,,,,,,,,,,
Men Elite,Ruts 'n' Guts 2,"Broken Arrow,Oklahoma",01 Dec 2019,57933,C2,207786,152945,,,,,,,,,,,,,,,,,,,
Men Elite,Flückiger Cross Madiswil,Madiswil,01 Dec 2019,57934,C2,207703,152948,,,,,,,,,,,,,,,,,,,
Men Elite,Slovak national championships,Trencin,01 Dec 2019,58044,CN,190821,142054,,,,,,,,,,,,,,,,,,,
Men Elite,Gran Premio Ciudad de Pontevedra,Pontevedra,01 Dec 2019,58695,C2,208295,153137,,,,,,,,,,,,,,,,,,,
Men Elite,Finnish National Championships,Espoo,01 Dec 2019,59979,CN,220788,157990,,,,,,,,,,,,,,,,,,,
Men Elite,IKO cyclocross - Essen,Essen,07 Dec 2019,57819,C1,207705,152628,parkland,medium_rain,10,17,tacky_mud,thick_mud,0,6,5,0,2,0,0,1,0,0,1,3,10
Men Elite,Resolution 'Cross Cup,Garland (Dallas) Texas,07 Dec 2019,57873,C2,207954,152803,,,,,,,,,,,,,,,,,,,
Men Elite,Toi Toi Cup,Jabkenice,07 Dec 2019,57919,C2,207654,152910,,,,,,,,,,,,,,,,,,,
Men Elite,Trofeo San Andres,Ametzaga-Zuia,07 Dec 2019,58045,C2,207945,152878,,,,,,,,,,,,,,,,,,,
Men Elite,NBX GP of Cross 1,warwick,07 Dec 2019,58278,C2,207832,152800,,,,,,,,,,,,,,,,,,,
Men Elite,Telenet Superprestige Zonhoven,Zonhoven,08 Dec 2019,57807,C1,207847,152593,dunes,cloudy,10,22,builders_sand,tacky_mud,6,1,5,0,0,1,2,0,3,1,7,1,10
Men Elite,Ciclocross del Ponte,Fae' Di Oderzo - Treviso,08 Dec 2019,57844,C2,207706,152710,,,,,,,,,,,,,,,,,,,
Men Elite,Resolution 'Cross Cup,Garland (Dallas) Texas,08 Dec 2019,57874,C2,207746,152809,,,,,,,,,,,,,,,,,,,
Men Elite,Japanese National Championships,"Uchiko Town, Ehime Prefecture",08 Dec 2019,57900,CN,190827,141491,,,,,,,,,,,,,,,,,,,
Men Elite,Ziklo kross Igorre,Igorre,08 Dec 2019,57910,C2,207722,152881,,,,,,,,,,,,,,,,,,,
Men Elite,Int. Radquerfeldein GP Lambach/Stadl-Paura,Pferdezentrum Stadl-Paura,08 Dec 2019,57961,C2,190782,141547,,,,,,,,,,,,,,,,,,,
Men Elite,NBX GP of Cross 2,warwick,08 Dec 2019,58279,C2,207685,152806,,,,,,,,,,,,,,,,,,,
Men Elite,DVV Verzekeringen trofee Hotondcross,Ronse - Kluisbergen,14 Dec 2019,57805,C1,207985,152587,parkland,medium_rain,7,17,thick_mud,loose_mud,5,2,5,5,0,9,1,0,3,1,0,0,6
Men Elite,Utsunomiya Cyclo Cross Day1,"Utsunomiya city, Tochigi prefecture",14 Dec 2019,57902,C2,207964,152854,,,,,,,,,,,,,,,,,,,
Men Elite,Ciclo-cross Ciudad de Xativa,Xativa,14 Dec 2019,57911,C2,207680,152884,,,,,,,,,,,,,,,,,,,
Men Elite,Toi Toi Cup,Unicov,14 Dec 2019,57920,C1,207839,152913,,,,,,,,,,,,,,,,,,,
,Czech National Championships - MJ,,,57921,CN,207839,,,,,,,,,,,,,,,,,,,,
Men Elite,Romania National Championships,"Micasasa, Sibiu",14 Dec 2019,58569,CN,206596,151691,,,,,,,,,,,,,,,,,,,
Men Elite,Vlaamse Druivencross,Overijse,15 Dec 2019,57821,C1,207902,152634,woodland,heavy_rain,8,33,thick_mud,heavy_mud,9,2,8,3,0,5,2,0,4,2,0,0,8
Men Elite,National Trophy Series Round 6: York,York,15 Dec 2019,57845,C2,207636,152713,,,,,,,,,,,,,,,,,,,
Men Elite,Utsunomiya Cyclo Cross Day2,"Utsunomiya city, Tochigi prefecture",15 Dec 2019,57903,C2,207747,152857,,,,,,,,,,,,,,,,,,,
Men Elite,Cyclo-Cross Internacional Ciudad de Valencia,Valencia,15 Dec 2019,57912,C2,207634,152887,,,,,,,,,,,,,,,,,,,
Men Elite,Gran Premio Città di Vittorio Veneto,Vittorio Veneto TV,15 Dec 2019,57935,C2,207822,152951,,,,,,,,,,,,,,,,,,,
Men Elite,3eme manche de Coupe de France Cyclo-cross,Bagnoles de l'Orne,15 Dec 2019,57978,C2,207713,152898,,,,,,,,,,,,,,,,,,,
Men Elite,USA National Championships,"Tacoma, WA",15 Dec 2019,58564,CN,206539,151646,,,,,,,,,,,,,,,,,,,
Men Elite,Waaslandcross,Sint-Niklaas,21 Dec 2019,57822,C2,207812,152637,woodland,overcast,9,20,tacky_mud,lake_sand,3,0,2,5,0,0,3,2,1,0,2,2,11
Men Elite,"2019-2020 Telenet UCI Cyclo-cross World Cup, Namur",Namur,22 Dec 2019,57745,CDM,190749,141429,woodland,heavy_rain,7,26,loose_mud,cobbles,10,1,8,2,0,0,3,1,3,2,1,0,9
Men Elite,"2019-2020 Telenet UCI Cyclo-cross World Cup, Heusden-Zolder",Heusden-Zolder,26 Dec 2019,57746,CDM,190818,141431,woodland,overcast,5,9,tacky_mud,lake_sand,3,7,4,2,1,1,0,0,1,0,1,1,9
Men Elite,Cross-Race GP Luzern/Pfaffnau,Pfaffnau,26 Dec 2019,57853,C2,207725,152734,,,,,,,,,,,,,,,,,,,
Men Elite,DVV Verzekeringen trofee Azencross,Loenhout,27 Dec 2019,57823,C1,207653,152640,parkland,sunny,7,9,thick_mud,heavy_mud,2,6,4,2,1,1,0,0,1,0,1,1,5
Men Elite,Telenet Superprestige Diegem,Diegem,29 Dec 2019,57824,C1,207966,152643,urban,night,3,6,tarmac,tacky_mud,3,6,6,1,1,0,0,0,3,0,1,0,8
Men Elite,Cyclo-cross des Crouchaux,Coulounieix - Chamiers,29 Dec 2019,57922,C2,207797,152901,,,,,,,,,,,,,,,,,,,
Men Elite,Cyclocross Bredene,Bredene,30 Dec 2019,57884,C2,207698,152646,parkland,sunny,6,15,thick_mud,heavy_mud,3,11,7,2,0,1,1,1,0,0,1,2,8
Men Elite,DVV Verzekeringen trofee GP Sven Nys,Baal,01 Jan 2020,57825,C1,207651,152649,woodland,cloudy,3,6,thick_mud,tacky_mud,5,0,6,0,2,0,0,1,4,0,0,3,8
Men Elite,Grand Prix Garage Collé,Pétange,01 Jan 2020,57905,C2,207893,152863,,,,,,,,,,,,,,,,,,,
Men Elite,EKZ Cross Tour Meilen,Meilen,02 Jan 2020,57854,C1,207959,152737,,,,,,,,,,,,,,,,,,,
Men Elite,Cyclocross Gullegem,Gullegem,04 Jan 2020,57826,C2,207753,152652,parkland,overcast,7,18,tacky_mud,loose_mud,0,4,6,1,2,0,0,1,1,0,1,7,8
Men Elite,Troyes Cyclocross International,Troyes,04 Jan 2020,57917,C2,207768,152904,,,,,,,,,,,,,,,,,,,
Men Elite,DVV Verzekeringen trofee Brussels Universities Cyclocross,Brussels,05 Jan 2020,57827,C1,207701,152655,woodland,overcast,7,9,tacky_mud,heavy_mud,0,1,7,3,0,1,3,2,2,0,0,0,8
Men Elite,Spanish National Championships,Pontevedra,10 Jan 2020,58699,CN,208306,153147,,,,,,,,,,,,,,,,,,,
Men Elite,Italian National Championships,Schio - Vicenza,12 Jan 2020,57846,CN,190839,141521,,,,,,,,,,,,,,,,,,,
Men Elite,Swedish National Championships,TBC,12 Jan 2020,57855,CN,190860,141525,,,,,,,,,,,,,,,,,,,
Men Elite,British National Championships,Shrewsbury,12 Jan 2020,57936,CN,190900,141497,,,,,,,,,,,,,,,,,,,
Men Elite,Dutch National Championships,Rucphen,12 Jan 2020,57937,CN,190789,141513,,,,,,,,,,,,,,,,,,,
Men Elite,French National Championships,Flamanville,12 Jan 2020,57938,CN,190779,141517,,,,,,,,,,,,,,,,,,,
Men Elite,German National Championships,Albstadt,12 Jan 2020,57942,CN,190665,141487,,,,,,,,,,,,,,,,,,,
Men Elite,Belgian National Championships,Antwerpen,12 Jan 2020,58426,CN,204569,150106,,,,,,,,,,,,,,,,,,,
Men Elite,Austrian National Championships,"Weiz, Steiermark",11 Jan 2020,58568,CN,206599,151686,,,,,,,,,,,,,,,,,,,
Men Elite,Luxembourg National Championships,Dippach,11 Jan 2020,58570,CN,206588,151695,,,,,,,,,,,,,,,,,,,
Men Elite,Portugese National Championships,Vila Real,12 Jan 2020,58698,CN,223191,160395,,,,,,,,,,,,,,,,,,,
Men Elite,Polish National Championships,Szczekociny,11 Jan 2020,59155,CN,210198,154982,,,,,,,,,,,,,,,,,,,
Men Elite,"Czech National Championships - ME, WE",Jicin,12 Jan 2020,57915,CN,190738,141494,,,,,,,,,,,,,,,,,,,
Men Elite,Danish National Championships,Slagelse,12 Jan 2020,57939,CN,190864,141528,,,,,,,,,,,,,,,,,,,
Men Elite,Swiss National Championships,Baden,12 Jan 2020,57940,CN,190798,141532,,,,,,,,,,,,,,,,,,,
Men Elite,Irish National Championships,"Castlefield, Enniscrone, Sligo",12 Jan 2020,58577,CN,206741,151838,,,,,,,,,,,,,,,,,,,
Men Elite,Hungarian national championships,Kecskemét,12 Jan 2020,59095,CN,209926,154741,,,,,,,,,,,,,,,,,,,
Men Elite,Croatian national championships,Donja Voca,12 Jan 2020,59770,CN,219892,157137,,,,,,,,,,,,,,,,,,,
Men Elite,Cyclocross Otegem,Otegem,13 Jan 2020,57828,C2,207830,152658,,,,,,,,,,,,,,,,,,,
Men Elite,"2019-2020 Telenet UCI Cyclo-cross World Cup, Nommay Pays de Montbeliard",Nommay,19 Jan 2020,57748,CDM,190822,141433,parkland,sunny,4,17,tacky_mud,loose_mud,4,1,4,0,1,2,2,1,2,0,0,0,10
Men Elite,ZAO-sama Cup Tohoku CX Series,"Zao-Town,Miyagi Prefecture",19 Jan 2020,57904,C2,207642,152860,,,,,,,,,,,,,,,,,,,
Men Elite,Grand Prix Möbel Alvisse,Leudelange,19 Jan 2020,57906,C2,207869,152866,,,,,,,,,,,,,,,,,,,
Men Elite,Kasteelcross Zonnebeke,Zonnebeke,25 Jan 2020,57829,C2,207795,152660,,,,,,,,,,,,,,,,,,,
Men Elite,"2019-2020 Telenet UCI Cyclo-cross World Cup, Hoogerheide Provincie Noord-Brabant",Hoogerheide,26 Jan 2020,57747,CDM,190772,141435,woodland,sunny,9,11,hardpack,dry_grass,4,5,5,1,1,0,0,1,3,0,1,0,10
Men Elite,UCI Cyclo-cross World Championships,Dübendorf,01 Feb 2020,57738,CM,190893,141437,urban,sunny,8,11,tacky_mud,hardpack,2,9,8,2,0,0,3,1,0,0,1,0,11
Men Elite,Parkcross Maldegem,Maldegem,05 Feb 2020,57830,C2,208035,152663,parkland,overcast,7,7,tacky_mud,builders_sand,1,3,2,0,0,0,0,1,0,0,4,1,10
Men Elite,DVV Verzekeringen trofee Krawatencross,Lille,08 Feb 2020,57831,C1,207922,152665,lakeside,overcast,10,15,lake_sand,hardpack,1,2,3,0,1,2,1,1,0,0,9,0,8
Men Elite,Telenet Superprestige Middelkerke,Middelkerke,15 Feb 2020,57833,C1,207818,152671,parkland,overcast,11,30,tacky_mud,heavy_mud,1,7,7,4,1,2,3,1,1,0,2,4,8
Men Elite,Vestingcross Hulst,Hulst,16 Feb 2020,57918,C1,207926,152907,parkland,overcast,16,50,tacky_mud,heavy_mud,4,9,8,7,0,0,3,1,0,0,0,2,8
Men Elite,GP Leuven,Leuven,22 Feb 2020,57834,C1,207971,152674,woodland,overcast,9,40,tacky_mud,,2,6,6,0,0,1,0,1,0,0,1,4,9
Men Elite,Internationale Sluitingsprijs Oostmalle,Oostmalle,23 Feb 2020,57835,C1,207946,152677,,,,,,,,,,,,,,,,,,,
Men Elite,EKZ CrossTour Baden,Baden,13 Sep 2020,60477,C1,225882,161917,,,,,,,,,,,,,,,,,,,
Men Elite,Toi Toi Cup,Mladá Boleslav,26 Sep 2020,60491,C2,226122,161956,,,,,,,,,,,,,,,,,,,
Men Elite,Rapencross,Lokeren,26 Sep 2020,62769,C2,234409,168909,,,,,,,,,,,,,,,,,,,
Men Elite,Toi Toi Cup,Holé Vrchy,27 Sep 2020,60493,C2,225761,161962,,,,,,,,,,,,,,,,,,,
Men Elite,Polderscross,Kruibeke,03 Oct 2020,60501,C2,225992,161987,,,,,,,,,,,,,,,,,,,
Men Elite,CX Täby Park,Täby Park,10 Oct 2020,60508,C2,225974,162006,,,,,,,,,,,,,,,,,,,
Men Elite,Trofeu de Ciclocross Sueca,Sueca,11 Oct 2020,60502,C2,225956,161990,,,,,,,,,,,,,,,,,,,
Men Elite,Telenet Superprestige - Gieten,Gieten,11 Oct 2020,60503,C1,225968,161993,,,,,,,,,,,,,,,,,,,
Men Elite,Internationales Radquer Steinmaur,Steinmaur,11 Oct 2020,60505,C2,226044,161999,,,,,,,,,,,,,,,,,,,
Men Elite,Stockholm cyclocross,Stockholm,11 Oct 2020,60515,C2,225995,162029,,,,,,,,,,,,,,,,,,,
Men Elite,Beringen,Beringen,17 Oct 2020,60507,C2,226281,162429,,,,,,,,,,,,,,,,,,,
Men Elite,EKZ CrossTour Bern,Bern,18 Oct 2020,62691,C1,233738,168271,,,,,,,,,,,,,,,,,,,
Men Elite,Telenet Superprestige - Ruddervoorde,Oostkamp - Ruddervoorde,24 Oct 2020,60518,C1,226159,162303,,,,,,,,,,,,,,,,,,,
Men Elite,Estonian National Championships,Elva,24 Oct 2020,60521,CN,226110,162046,,,,,,,,,,,,,,,,,,,
Men Elite,Russian Cyclo-cross National Championships,Izhevsk (Republic of Udmurtia),24 Oct 2020,60647,CN,226237,162391,,,,,,,,,,,,,,,,,,,
Men Elite,Lithuanian Cyclo-cross National Championships,Panevezys,25 Oct 2020,63730,CN,236103,170387,,,,,,,,,,,,,,,,,,,
Men Elite,X²0 badkamers Trofee - Koppenbergcross,Oudenaarde,31 Oct 2020,60528,C1,226040,162067,,,,,,,,,,,,,,,,,,,
Men Elite,Finnish National Championships,Vantaa,31 Oct 2020,63866,CN,237382,171668,,,,,,,,,,,,,,,,,,,
Men Elite,2020 UEC Cyclo-cross European Championships,’S-Hertogenbosch,08 Nov 2020,60539,CC,225869,162102,,,,,,,,,,,,,,,,,,,
Men Elite,Telenet Superprestige - Jaarmarktcross,Niel,11 Nov 2020,60541,C1,225784,162110,,,,,,,,,,,,,,,,,,,
Men Elite,GP Leuven,Leuven,14 Nov 2020,60483,C1,226164,162312,,,,,,,,,,,,,,,,,,,
Men Elite,Toi Toi Cup,Rýmařov,17 Nov 2020,60549,C2,225983,162137,,,,,,,,,,,,,,,,,,,
Men Elite,Toi Toi Cup,Jičín,22 Nov 2020,60527,C2,226005,162064,,,,,,,,,,,,,,,,,,,
Men Elite,Telenet Superprestige - Cyclocross Merksplas,Merksplas,22 Nov 2020,60550,C2,226282,162432,,,,,,,,,,,,,,,,,,,
Men Elite,Bryksy Cross Gościęcin,Gościęcin,22 Nov 2020,60552,C2,225938,162145,,,,,,,,,,,,,,,,,,,
Men Elite,Kansai Cyclo Cross Makino Round,Takashima City Shiga Prefecture,22 Nov 2020,60555,C2,225993,162154,,,,,,,,,,,,,,,,,,,
Men Elite,Grand Prix Trnava,Trnava,28 Nov 2020,60504,C2,226009,161996,,,,,,,,,,,,,,,,,,,
Men Elite,X²0 badkamers Trofee - Urban Cross,Kortrijk,28 Nov 2020,60556,C2,225975,162157,,,,,,,,,,,,,,,,,,,
Men Elite,Japanese National Championships,"Nagamine-Sports Park,Iiyama City, Nagano Pref.",28 Nov 2020,60564,CN,225649,161816,,,,,,,,,,,,,,,,,,,
Men Elite,"2020-2021 UCI Cyclo-cross World Cup, Tabor",Tabor,29 Nov 2020,60458,CDM,225679,161772,,,,,,,,,,,,,,,,,,,
Men Elite,Podbrezova,Grand Prix Podbrezova,29 Nov 2020,60526,C2,225969,162062,,,,,,,,,,,,,,,,,,,
Men Elite,Championnat National de Slovaquie ME,Topolcianky,05 Dec 2020,60558,CN,225787,162163,,,,,,,,,,,,,,,,,,,
Men Elite,Topolcianky,Grand Prix Topolcianky,06 Dec 2020,60509,C2,225985,162009,,,,,,,,,,,,,,,,,,,
Men Elite,Telenet Superprestige - De Schorre Boom,Boom,06 Dec 2020,60563,C2,225996,162179,,,,,,,,,,,,,,,,,,,
,Championnat National de la Rep. Tcheque ME,,,60570,CN,226153,,,,,,,,,,,,,,,,,,,,
Men Elite,Ciclo-cross Ciudad de Xàtiva,Xátiva (Valencia),12 Dec 2020,60571,C2,225952,162199,,,,,,,,,,,,,,,,,,,
Men Elite,Toi Toi Cup,Kolín,12 Dec 2020,60572,C2,226036,162202,,,,,,,,,,,,,,,,,,,
Men Elite,X²0 badkamers Trofee - Scheldecross,Antwerpen,12 Dec 2020,62481,C1,232964,167578,,,,,,,,,,,,,,,,,,,
Men Elite,Cyclocross Internacional ciudad Valencia,Valencia,13 Dec 2020,60574,C2,225908,162208,,,,,,,,,,,,,,,,,,,
Men Elite,Telenet Superprestige - Gavere,Gavere,13 Dec 2020,60578,C1,226153,162292,,,,,,,,,,,,,,,,,,,
Men Elite,"2020-2021 UCI Cyclo-cross World Cup, Namur",Namur,20 Dec 2020,60460,CDM,225621,161785,,,,,,,,,,,,,,,,,,,
Men Elite,Robotland Cyclocross Essen,Essen,22 Dec 2020,60600,C2,226162,162309,,,,,,,,,,,,,,,,,,,
Men Elite,X²0 badkamers Trofee - Azencross,Herentals,23 Dec 2020,60580,C2,225757,162224,,,,,,,,,,,,,,,,,,,
Men Elite,Telenet Superprestige - Heusden-Zolder,Heusden-Zolder,26 Dec 2020,60605,C1,225664,161844,,,,,,,,,,,,,,,,,,,
Men Elite,"2020-2021 UCI Cyclo-cross World Cup, Dendermonde",Dendermonde,27 Dec 2020,60469,CDM,225687,161781,,,,,,,,,,,,,,,,,,,
Men Elite,Cyclocross Bredene,Bredene,30 Dec 2020,60581,C2,226058,162228,,,,,,,,,,,,,,,,,,,
Men Elite,X²0 badkamers Trofee - GP Sven Nys,Baal,01 Jan 2021,60582,C1,225643,161819,,,,,,,,,,,,,,,,,,,
Men Elite,Cyclocross Gullegem,Gullegem,02 Jan 2021,60584,C2,226152,162295,,,,,,,,,,,,,,,,,,,
Men Elite,EKZ CrossTour Hittnau,Hittnau,02 Jan 2021,60585,C1,225767,162237,,,,,,,,,,,,,,,,,,,
Men Elite,Troyes Cyclocross International,Troyes,02 Jan 2021,60613,C1,225672,161850,,,,,,,,,,,,,,,,,,,
Men Elite,"2020-2021 UCI Cyclo-cross World Cup, Hulst",Hulst,03 Jan 2021,60466,CDM,225692,161795,,,,,,,,,,,,,,,,,,,
Men Elite,Spanish National Championships,Torrelavega,08 Jan 2021,64531,CN,249053,176358,,,,,,,,,,,,,,,,,,,
Men Elite,Championnat National de la Rep. Tcheque ME,Jabkenice,09 Jan 2021,60586,CN,225754,162240,,,,,,,,,,,,,,,,,,,
Men Elite,Championnats de France de Cyclo-cross,Pontchâteau - Région Pays de la Loire,09 Jan 2021,60587,CN,226091,162242,,,,,,,,,,,,,,,,,,,
Men Elite,Belgian National Championships,Meulebeke,09 Jan 2021,60607,CN,225673,161853,,,,,,,,,,,,,,,,,,,
Men Elite,Italian National Championships,Lecce,09 Jan 2021,62710,CN,233846,168372,,,,,,,,,,,,,,,,,,,
Men Elite,Austrian National Championships,Pernitz,09 Jan 2021,64474,CN,248509,175854,,,,,,,,,,,,,,,,,,,
Men Elite,Hungarian national championships,Miskolc,09 Jan 2021,64532,CN,249057,176363,,,,,,,,,,,,,,,,,,,
Men Elite,Crossquer,Hittnau,10 Jan 2021,60590,CN,225704,161826,,,,,,,,,,,,,,,,,,,
Men Elite,Danish National Championships,Aarhus,10 Jan 2021,60614,CN,249765,177071,,,,,,,,,,,,,,,,,,,
Men Elite,Lampiris Zilvermeercross,Mol,16 Jan 2021,60592,C1,225855,162255,,,,,,,,,,,,,,,,,,,
Men Elite,X²0 badkamers Trofee - Flandriencross,Hamme,23 Jan 2021,60601,C1,226050,162277,,,,,,,,,,,,,,,,,,,
Men Elite,Polish National Championships,Włoszakowice,23 Jan 2021,64488,CN,248609,175906,,,,,,,,,,,,,,,,,,,
Men Elite,"2020-2021 UCI Cyclo-cross World Cup, Overijse",Overijse,24 Jan 2021,60468,CDM,225722,161770,,,,,,,,,,,,,,,,,,,
Men Elite,UCI Cyclo-cross World Championships,Ostende,31 Jan 2021,60615,CM,228628,164677,,,,,,,,,,,,,,,,,,,
Men Elite,Telenet Superprestige - Middelkerke,Middelkerke,06 Feb 2021,60598,C1,226157,162306,,,,,,,,,,,,,,,,,,,
Men Elite,X²0 badkamers Trofee - Krawatencross,Lille,07 Feb 2021,60599,C1,225918,162274,,,,,,,,,,,,,,,,,,,
Men Elite,cross Eeklo,Eeklo,13 Feb 2021,60478,C2,226029,161921,,,,,,,,,,,,,,,,,,,
Men Elite,X²0 badkamers Trofee - Brussels Universities Cyclocross,Brussels,14 Feb 2021,60595,C1,225977,162264,,,,,,,,,,,,,,,,,,,
Men Elite,Waaslandcross,Sint-Niklaas,20 Feb 2021,60602,C2,226285,162435,,,,,,,,,,,,,,,,,,,
Men Elite,Internationale Sluitingsprijs Ostmalle,Oostmalle,21 Feb 2021,60603,C1,225859,162279,,,,,,,,,,,,,,,,,,,
Men Elite,Portugese National Championships,Santo Tirso,21 Feb 2021,62785,CN,234550,169037,,,,,,,,,,,,,,,,,,,
,Championnats de France de Cyclo-cross - catégories Juniors,,,64735,CN,234550,,,,,,,,,,,,,,,,,,,,
Men Elite,New Zealand National Championships,"Lower Hutt, Wellington",15 Aug 2021,65009,CN,253649,180593,,,,,,,,,,,,,,,,,,,
Men Elite,Rapencross,Lokeren,11 Sep 2021,65045,C2,253685,180733,,,,,,,,,,,,,,,,,,,
Men Elite,4 Bikes Festival Cyclocross Race,Lützelbach,11 Sep 2021,65152,C2,253439,179637,,,,,,,,,,,,,,,,,,,
Men Elite,Le Grand CX,Île de Loisirs de Jablines-Annet,18 Sep 2021,65044,C2,254041,180730,,,,,,,,,,,,,,,,,,,
Men Elite,Beringen,Beringen,18 Sep 2021,65067,C2,253730,180808,,,,,,,,,,,,,,,,,,,
Men Elite,GO Cross presented by Deschutes Brewery day 1,"Roanoke, VA, USA",18 Sep 2021,65518,C2,257580,183273,,,,,,,,,,,,,,,,,,,
Men Elite,GO Cross presented by Deschutes Brewery day 2,"Roanoke, VA, USA",19 Sep 2021,65046,C2,253664,180736,,,,,,,,,,,,,,,,,,,
Men Elite,National Trophy Series Round 1: Derby,Derby,19 Sep 2021,65049,C2,254014,180747,,,,,,,,,,,,,,,,,,,
Men Elite,Gran Premi Les Franqueses,Les Franqueses,19 Sep 2021,65088,C2,253921,180881,,,,,,,,,,,,,,,,,,,
Men Elite,USCX Cyclocross - Rochester Cyclocross,"Rochester, NY",25 Sep 2021,65021,C1,253897,180646,,,,,,,,,,,,,,,,,,,
Men Elite,Cyclocross Bredene,Bredene,25 Sep 2021,65113,C2,253978,180970,,,,,,,,,,,,,,,,,,,
Men Elite,USCX Cyclocross - Rochester Cyclocross,"Rochester, NY",26 Sep 2021,65048,C2,253882,180743,,,,,,,,,,,,,,,,,,,
Men Elite,Radcross Illnau,Illnau,26 Sep 2021,65050,C2,253766,180751,,,,,,,,,,,,,,,,,,,
Men Elite,Cyclo-cross international de Boulzicourt Ardennes,Boulzicourt,26 Sep 2021,65051,C2,253769,180754,,,,,,,,,,,,,,,,,,,
Men Elite,Toi Toi Cup,Mladá Boleslav,28 Sep 2021,65127,C2,253457,179567,,,,,,,,,,,,,,,,,,,
Men Elite,USCX Cyclocross - Charm City Cross,"Baltimore, MD",02 Oct 2021,65022,C1,254033,180650,,,,,,,,,,,,,,,,,,,
Men Elite,1ere Manche Coupe de France Cyclo-cross,Pierric - Région Pays de la Loire,02 Oct 2021,65052,C2,253803,180757,,,,,,,,,,,,,,,,,,,
Men Elite,Berencross,Meulebeke,02 Oct 2021,65053,C2,253834,180760,,,,,,,,,,,,,,,,,,,
Men Elite,Føyka KROSS,Asker,02 Oct 2021,65054,C2,253722,180765,,,,,,,,,,,,,,,,,,,
Men Elite,Toi Toi Cup,Hlinsko,02 Oct 2021,65129,C2,253395,179563,,,,,,,,,,,,,,,,,,,
Men Elite,Telenet Superprestige Gieten,Gieten,03 Oct 2021,65023,C1,253781,180654,,,,,,,,,,,,,,,,,,,
Men Elite,USCX Cyclocross - Charm City Cross,"Baltimore, MD",03 Oct 2021,65055,C2,253693,180768,,,,,,,,,,,,,,,,,,,
Men Elite,Føyka KROSS,Asker,03 Oct 2021,65056,C2,253919,180772,,,,,,,,,,,,,,,,,,,
Men Elite,2eme Manche Coupe de France Cyclo-cross,Pierric - Région Pays de la Loire,03 Oct 2021,65057,C2,253938,180775,,,,,,,,,,,,,,,,,,,
Men Elite,Gran Premio Internazionale CX Città di Jesolo - Cyclo-Cross European Cup,Jesolo (VE),03 Oct 2021,65058,C2,253646,180779,,,,,,,,,,,,,,,,,,,